0.0,-0.0379
0.0025,-0.0089
0.005,-0.0331
0.0075,-0.0234
0.01,0.0225
0.0125,-0.0331
0.015,-0.0621
0.0175,-0.0717
0.02,-0.021
0.0225,-0.0476
0.025,-0.0113
0.0275,0.0225
0.03,-0.0427
0.0325,-0.0572
0.035,-0.0065
0.0375,-0.0161
0.04,-0.0282
0.0425,0.0225
0.045,0.0056
0.0475,-0.0137
0.05,-0.0161
0.0525,-0.0016
0.055,-0.0331
0.0575,0.0153
0.06,0.0371
0.0625,-0.0186
0.065,-0.0379
0.0675,-0.0137
0.07,0.0225
0.0725,-0.0186
0.075,-0.0113
0.0775,0.0105
0.08,-0.0113
0.0825,-0.0016
0.085,0.0298
0.0875,-0.0137
0.09,0.0056
0.0925,0.0346
0.095,0.0225
0.0975,-0.004
0.1,-0.0258
0.1025,0.0419
0.105,0.0056
0.1075,0.0516
0.11,0.0661
0.1125,0.0129
0.115,0.008
0.1175,-0.0137
0.12,0.0443
0.1225,0.0153
0.125,0.0443
0.1275,0.083
0.13,0.0008
0.1325,-0.0113
0.135,0.0274
0.1375,0.0371
0.14,0.0298
0.1425,0.0588
0.145,0.0105
0.1475,-0.0113
0.15,0.0056
0.1525,0.0129
0.155,-0.0137
0.1575,0.0322
0.16,0.0346
0.1625,0.0129
0.165,-0.0379
0.1675,-0.0161
0.17,-0.0282
0.1725,-0.0621
0.175,-0.0161
0.1775,-0.0403
0.18,-0.0717
0.1825,-0.0814
0.185,-0.0476
0.1875,-0.0717
0.19,-0.1032
0.1925,-0.0669
0.195,-0.079
0.1975,-0.1177
0.2,-0.108
0.2025,-0.0814
0.205,-0.1249
0.2075,-0.137
0.21,-0.0959
0.2125,-0.1274
0.215,-0.1757
0.2175,-0.1153
0.22,-0.1443
0.2225,-0.1806
0.225,-0.1564
0.2275,-0.1612
0.23,-0.1806
0.2325,-0.1999
0.235,-0.1443
0.2375,-0.1878
0.24,-0.1926
0.2425,-0.1443
0.245,-0.154
0.2475,-0.2144
0.25,-0.1781
0.2525,-0.1757
0.255,-0.2217
0.2575,-0.1612
0.26,-0.1564
0.2625,-0.1951
0.265,-0.2192
0.2675,-0.183
0.27,-0.1951
0.2725,-0.212
0.275,-0.1177
0.2775,-0.1781
0.28,-0.2047
0.2825,-0.2071
0.285,-0.1806
0.2875,-0.1757
0.29,-0.1781
0.2925,-0.1322
0.295,-0.1612
0.2975,-0.1975
0.3,-0.1636
0.3025,-0.1515
0.305,-0.1902
0.3075,-0.1419
0.31,-0.137
0.3125,-0.183
0.315,-0.1926
0.3175,-0.154
0.32,-0.1685
0.3225,-0.1636
0.325,-0.1467
0.3275,-0.1346
0.33,-0.1806
0.3325,-0.1467
0.335,-0.154
0.3375,-0.1733
0.34,-0.1346
0.3425,-0.1056
0.345,-0.1274
0.3475,-0.1612
0.35,-0.1394
0.3525,-0.1225
0.355,-0.1733
0.3575,-0.1322
0.36,-0.1056
0.3625,-0.154
0.365,-0.1685
0.3675,-0.1394
0.37,-0.1394
0.3725,-0.1249
0.375,-0.0766
0.3775,-0.1394
0.38,-0.1491
0.3825,-0.1274
0.385,-0.1008
0.3875,-0.1201
0.39,-0.1491
0.3925,-0.1201
0.395,-0.1249
0.3975,-0.2023
0.4,-0.1153
0.4025,-0.1225
0.405,-0.1225
0.4075,-0.079
0.41,-0.0742
0.4125,-0.1056
0.415,-0.1298
0.4175,-0.0983
0.42,-0.0959
0.4225,-0.1298
0.425,-0.0524
0.4275,-0.0959
0.43,-0.1032
0.4325,-0.0887
0.435,-0.0838
0.4375,-0.0959
0.44,-0.0838
0.4425,-0.0476
0.445,-0.0717
0.4475,-0.1032
0.45,-0.0645
0.4525,-0.0766
0.455,-0.1104
0.4575,-0.0814
0.46,-0.0669
0.4625,-0.0935
0.465,-0.0887
0.4675,-0.0597
0.47,-0.0863
0.4725,-0.079
0.475,-0.0572
0.4775,-0.0669
0.48,-0.1056
0.4825,-0.0838
0.485,-0.079
0.4875,-0.1032
0.49,-0.0983
0.4925,-0.0572
0.495,-0.0887
0.4975,-0.1008
0.5,-0.0621
0.5025,-0.0814
0.505,-0.1153
0.5075,-0.0935
0.51,-0.0548
0.5125,-0.0814
0.515,-0.1153
0.5175,-0.079
0.52,-0.1056
0.5225,-0.1274
0.525,-0.0838
0.5275,-0.05
0.53,-0.1153
0.5325,-0.1153
0.535,-0.0766
0.5375,-0.1274
0.54,-0.1008
0.5425,-0.0548
0.545,-0.0766
0.5475,-0.1322
0.55,-0.0814
0.5525,-0.0693
0.555,-0.1201
0.5575,-0.0863
0.56,-0.0645
0.5625,-0.1056
0.565,-0.1249
0.5675,-0.0693
0.57,-0.1153
0.5725,-0.0983
0.575,-0.05
0.5775,-0.0887
0.58,-0.0959
0.5825,-0.0911
0.585,-0.079
0.5875,-0.1056
0.59,-0.0282
0.5925,-0.0379
0.595,-0.0863
0.5975,-0.0935
0.6,-0.0717
0.6025,-0.0766
0.605,-0.1008
0.6075,-0.0742
0.61,-0.0403
0.6125,-0.0911
0.615,-0.0887
0.6175,-0.0548
0.62,-0.1056
0.6225,-0.108
0.625,-0.0597
0.6275,-0.079
0.63,-0.1177
0.6325,-0.0621
0.635,-0.0645
0.6375,-0.0983
0.64,-0.0645
0.6425,-0.0548
0.645,-0.0766
0.6475,-0.1346
0.65,-0.0621
0.6525,-0.1056
0.655,-0.1298
0.6575,-0.0693
0.66,-0.0766
0.6625,-0.1225
0.665,-0.1153
0.6675,-0.0742
0.67,-0.1104
0.6725,-0.1249
0.675,-0.0669
0.6775,-0.079
0.68,-0.1249
0.6825,-0.0766
0.685,-0.0669
0.6875,-0.0959
0.69,-0.0911
0.6925,-0.0693
0.695,-0.1177
0.6975,-0.1008
0.7,-0.0717
0.7025,-0.1056
0.705,-0.1249
0.7075,-0.0959
0.71,-0.0597
0.7125,-0.0935
0.715,-0.0911
0.7175,-0.0838
0.72,-0.1129
0.7225,-0.0911
0.725,-0.0621
0.7275,-0.1032
0.73,-0.1322
0.7325,-0.1056
0.735,-0.0887
0.7375,-0.1129
0.74,-0.1129
0.7425,-0.0766
0.745,-0.1201
0.7475,-0.0983
0.75,-0.0935
0.7525,-0.1056
0.755,-0.1201
0.7575,-0.108
0.76,-0.0863
0.7625,-0.1177
0.765,-0.1249
0.7675,-0.0766
0.77,-0.1346
0.7725,-0.1225
0.775,-0.0911
0.7775,-0.0935
0.78,-0.1419
0.7825,-0.079
0.785,-0.1153
0.7875,-0.1636
0.79,-0.1032
0.7925,-0.0959
0.795,-0.1225
0.7975,-0.1298
0.8,-0.0887
0.8025,-0.1177
0.805,-0.1177
0.8075,-0.1008
0.81,-0.0887
0.8125,-0.1201
0.815,-0.1056
0.8175,-0.1032
0.82,-0.1346
0.8225,-0.1104
0.825,-0.0742
0.8275,-0.0911
0.83,-0.1225
0.8325,-0.1008
0.835,-0.0983
0.8375,-0.1298
0.84,-0.0935
0.8425,-0.0597
0.845,-0.0887
0.8475,-0.1274
0.85,-0.0887
0.8525,-0.1008
0.855,-0.1104
0.8575,-0.0452
0.86,-0.0717
0.8625,-0.1225
0.865,-0.137
0.8675,-0.079
0.87,-0.1346
0.8725,-0.1346
0.875,-0.0645
0.8775,-0.0717
0.88,-0.1515
0.8825,-0.1104
0.885,-0.0887
0.8875,-0.1491
0.89,-0.0887
0.8925,-0.1008
0.895,-0.1491
0.8975,-0.1443
0.9,-0.1346
0.9025,-0.1564
0.905,-0.1515
0.9075,-0.1225
0.91,-0.1612
0.9125,-0.1781
0.915,-0.1612
0.9175,-0.1781
0.92,-0.2047
0.9225,-0.183
0.925,-0.1588
0.9275,-0.183
0.93,-0.2265
0.9325,-0.1975
0.935,-0.2071
0.9375,-0.2458
0.94,-0.1926
0.9425,-0.1806
0.945,-0.2507
0.9475,-0.2724
0.95,-0.2434
0.9525,-0.2845
0.955,-0.2748
0.9575,-0.2386
0.96,-0.2652
0.9625,-0.3039
0.965,-0.3063
0.9675,-0.27
0.97,-0.3208
0.9725,-0.2507
0.975,-0.2652
0.9775,-0.3135
0.98,-0.3377
0.9825,-0.2918
0.985,-0.3135
0.9875,-0.3353
0.99,-0.2894
0.9925,-0.2845
0.995,-0.328
0.9975,-0.3571
1.0,-0.299
1.0025,-0.3522
1.005,-0.3667
1.0075,-0.3135
1.01,-0.3522
1.0125,-0.3643
1.015,-0.3135
1.0175,-0.345
1.02,-0.3546
1.0225,-0.3135
1.025,-0.2845
1.0275,-0.3232
1.03,-0.3546
1.0325,-0.3401
1.035,-0.3377
1.0375,-0.328
1.04,-0.3087
1.0425,-0.2942
1.045,-0.3498
1.0475,-0.3256
1.05,-0.299
1.0525,-0.3208
1.055,-0.3159
1.0575,-0.2845
1.06,-0.2748
1.0625,-0.3305
1.065,-0.2966
1.0675,-0.3111
1.07,-0.3135
1.0725,-0.2748
1.075,-0.2676
1.0775,-0.2894
1.08,-0.3377
1.0825,-0.2918
1.085,-0.2942
1.0875,-0.3087
1.09,-0.2483
1.0925,-0.2579
1.095,-0.2894
1.0975,-0.3087
1.1,-0.2579
1.1025,-0.3087
1.105,-0.2507
1.1075,-0.241
1.11,-0.2676
1.1125,-0.3014
1.115,-0.2603
1.1175,-0.2531
1.12,-0.2894
1.1225,-0.2531
1.125,-0.2483
1.1275,-0.2652
1.13,-0.299
1.1325,-0.2507
1.135,-0.2628
1.1375,-0.2555
1.14,-0.2241
1.1425,-0.2241
1.145,-0.2652
1.1475,-0.2869
1.15,-0.2337
1.1525,-0.2458
1.155,-0.2507
1.1575,-0.2241
1.16,-0.241
1.1625,-0.2603
1.165,-0.2603
1.1675,-0.212
1.17,-0.2676
1.1725,-0.2434
1.175,-0.2071
1.1775,-0.2555
1.18,-0.2483
1.1825,-0.2313
1.185,-0.2168
1.1875,-0.2531
1.19,-0.212
1.1925,-0.1902
1.195,-0.2579
1.1975,-0.2555
1.2,-0.2096
1.2025,-0.2507
1.205,-0.2748
1.2075,-0.1975
1.21,-0.241
1.2125,-0.2652
1.215,-0.2168
1.2175,-0.2337
1.22,-0.2869
1.2225,-0.2144
1.225,-0.2071
1.2275,-0.2313
1.23,-0.2555
1.2325,-0.212
1.235,-0.2434
1.2375,-0.2265
1.24,-0.183
1.2425,-0.2071
1.245,-0.2265
1.2475,-0.2507
1.25,-0.1975
1.2525,-0.2483
1.255,-0.2362
1.2575,-0.1975
1.26,-0.2434
1.2625,-0.2458
1.265,-0.2217
1.2675,-0.2217
1.27,-0.2555
1.2725,-0.1806
1.275,-0.1975
1.2775,-0.2386
1.28,-0.2555
1.2825,-0.1999
1.285,-0.2265
1.2875,-0.2579
1.29,-0.1806
1.2925,-0.2265
1.295,-0.2603
1.2975,-0.2265
1.3,-0.2241
1.3025,-0.2603
1.305,-0.2386
1.3075,-0.1999
1.31,-0.2168
1.3125,-0.2555
1.315,-0.2096
1.3175,-0.1902
1.32,-0.2555
1.3225,-0.1781
1.325,-0.183
1.3275,-0.2071
1.33,-0.2313
1.3325,-0.1975
1.335,-0.2362
1.3375,-0.212
1.34,-0.1854
1.3425,-0.2096
1.345,-0.2313
1.3475,-0.2217
1.35,-0.1854
1.3525,-0.2144
1.355,-0.1951
1.3575,-0.1878
1.36,-0.2096
1.3625,-0.212
1.365,-0.183
1.3675,-0.2168
1.37,-0.2289
1.3725,-0.1926
1.375,-0.1781
1.3775,-0.212
1.38,-0.2362
1.3825,-0.1951
1.385,-0.2265
1.3875,-0.183
1.39,-0.1781
1.3925,-0.1975
1.395,-0.1999
1.3975,-0.2217
1.4,-0.1733
1.4025,-0.2047
1.405,-0.1951
1.4075,-0.154
1.41,-0.2071
1.4125,-0.2217
1.415,-0.1878
1.4175,-0.1685
1.42,-0.1951
1.4225,-0.1419
1.425,-0.1781
1.4275,-0.2023
1.43,-0.1926
1.4325,-0.1588
1.435,-0.183
1.4375,-0.1733
1.44,-0.1322
1.4425,-0.1588
1.445,-0.1975
1.4475,-0.1709
1.45,-0.1346
1.4525,-0.1733
1.455,-0.137
1.4575,-0.137
1.46,-0.1636
1.4625,-0.1854
1.465,-0.1394
1.4675,-0.1322
1.47,-0.1564
1.4725,-0.1177
1.475,-0.108
1.4775,-0.137
1.48,-0.1419
1.4825,-0.1129
1.485,-0.1201
1.4875,-0.1443
1.49,-0.0838
1.4925,-0.1008
1.495,-0.1515
1.4975,-0.0959
1.5,-0.0863
1.5025,-0.1394
1.505,-0.1129
1.5075,-0.0597
1.51,-0.1153
1.5125,-0.137
1.515,-0.0935
1.5175,-0.0959
1.52,-0.1129
1.5225,-0.0717
1.525,-0.0524
1.5275,-0.1274
1.53,-0.0887
1.5325,-0.0717
1.535,-0.1201
1.5375,-0.079
1.54,-0.0621
1.5425,-0.0911
1.545,-0.1322
1.5475,-0.0838
1.55,-0.0935
1.5525,-0.1177
1.555,-0.0572
1.5575,-0.0669
1.56,-0.0959
1.5625,-0.1177
1.565,-0.0814
1.5675,-0.0717
1.57,-0.1104
1.5725,-0.0572
1.575,-0.0572
1.5775,-0.0959
1.58,-0.0766
1.5825,-0.0403
1.585,-0.1056
1.5875,-0.079
1.59,-0.0427
1.5925,-0.0959
1.595,-0.1201
1.5975,-0.0911
1.6,-0.0766
1.6025,-0.1129
1.605,-0.0814
1.6075,-0.079
1.61,-0.1032
1.6125,-0.0911
1.615,-0.0742
1.6175,-0.1056
1.62,-0.1008
1.6225,-0.0597
1.625,-0.0717
1.6275,-0.1056
1.63,-0.1129
1.6325,-0.0838
1.635,-0.137
1.6375,-0.1298
1.64,-0.0814
1.6425,-0.137
1.645,-0.1685
1.6475,-0.154
1.65,-0.1491
1.6525,-0.1757
1.655,-0.1225
1.6575,-0.166
1.66,-0.1854
1.6625,-0.1975
1.665,-0.1685
1.6675,-0.1975
1.67,-0.2289
1.6725,-0.1975
1.675,-0.2144
1.6775,-0.2555
1.68,-0.2362
1.6825,-0.241
1.685,-0.2724
1.6875,-0.2313
1.69,-0.212
1.6925,-0.2507
1.695,-0.299
1.6975,-0.2748
1.7,-0.2579
1.7025,-0.2918
1.705,-0.2628
1.7075,-0.2894
1.71,-0.2942
1.7125,-0.3159
1.715,-0.3087
1.7175,-0.3135
1.72,-0.345
1.7225,-0.3014
1.725,-0.3087
1.7275,-0.345
1.73,-0.3305
1.7325,-0.328
1.735,-0.3522
1.7375,-0.3619
1.74,-0.3256
1.7425,-0.3764
1.745,-0.374
1.7475,-0.3474
1.75,-0.3691
1.7525,-0.3836
1.755,-0.345
1.7575,-0.3522
1.76,-0.3861
1.7625,-0.3836
1.765,-0.3595
1.7675,-0.3836
1.77,-0.3957
1.7725,-0.3546
1.775,-0.3716
1.7775,-0.4078
1.78,-0.3643
1.7825,-0.3522
1.785,-0.3909
1.7875,-0.3909
1.79,-0.3401
1.7925,-0.3571
1.795,-0.4102
1.7975,-0.3716
1.8,-0.3788
1.8025,-0.3933
1.805,-0.3667
1.8075,-0.3208
1.81,-0.374
1.8125,-0.4006
1.815,-0.3353
1.8175,-0.3812
1.82,-0.3764
1.8225,-0.3208
1.825,-0.3232
1.8275,-0.3764
1.83,-0.3474
1.8325,-0.328
1.835,-0.3667
1.8375,-0.3353
1.84,-0.2869
1.8425,-0.3329
1.845,-0.3571
1.8475,-0.3135
1.85,-0.3305
1.8525,-0.3377
1.855,-0.2821
1.8575,-0.3305
1.86,-0.3063
1.8625,-0.3184
1.865,-0.2869
1.8675,-0.3063
1.87,-0.2773
1.8725,-0.2555
1.875,-0.2845
1.8775,-0.3184
1.88,-0.2845
1.8825,-0.2652
1.885,-0.2821
1.8875,-0.2676
1.89,-0.2168
1.8925,-0.2628
1.895,-0.299
1.8975,-0.2555
1.9,-0.2724
1.9025,-0.2724
1.905,-0.2217
1.9075,-0.2289
1.91,-0.2748
1.9125,-0.2337
1.915,-0.1926
1.9175,-0.2483
1.92,-0.2362
1.9225,-0.1806
1.925,-0.2144
1.9275,-0.2555
1.93,-0.2168
1.9325,-0.2265
1.935,-0.2483
1.9375,-0.1975
1.94,-0.1926
1.9425,-0.2313
1.945,-0.2458
1.9475,-0.212
1.95,-0.2144
1.9525,-0.2289
1.955,-0.1781
1.9575,-0.1709
1.96,-0.2192
1.9625,-0.1975
1.965,-0.1733
1.9675,-0.1854
1.97,-0.1806
1.9725,-0.1491
1.975,-0.1951
1.9775,-0.2168
1.98,-0.1854
1.9825,-0.1878
1.985,-0.2023
1.9875,-0.166
1.99,-0.1346
1.9925,-0.1612
1.995,-0.1854
1.9975,-0.154
2.0,-0.1733
2.0025,-0.1346
2.005,-0.1225
2.0075,-0.1564
2.01,-0.1806
2.0125,-0.1806
2.015,-0.137
2.0175,-0.154
2.02,-0.1515
2.0225,-0.1153
2.025,-0.1491
2.0275,-0.166
2.03,-0.154
2.0325,-0.1322
2.035,-0.1346
2.0375,-0.1274
2.04,-0.0887
2.0425,-0.1274
2.045,-0.1636
2.0475,-0.1201
2.05,-0.137
2.0525,-0.1201
2.055,-0.0838
2.0575,-0.0717
2.06,-0.137
2.0625,-0.0959
2.065,-0.1056
2.0675,-0.1274
2.07,-0.0935
2.0725,-0.0548
2.075,-0.0959
2.0775,-0.1394
2.08,-0.1104
2.0825,-0.0935
2.085,-0.1104
2.0875,-0.0863
2.09,-0.0548
2.0925,-0.0911
2.095,-0.1032
2.0975,-0.0693
2.1,-0.1104
2.1025,-0.108
2.105,-0.0693
2.1075,-0.0621
2.11,-0.0935
2.1125,-0.1129
2.115,-0.0645
2.1175,-0.1008
2.12,-0.0766
2.1225,-0.0476
2.125,-0.0669
2.1275,-0.0838
2.13,-0.0814
2.1325,-0.0693
2.135,-0.1008
2.1375,-0.0452
2.14,-0.0306
2.1425,-0.1491
2.145,-0.1104
2.1475,-0.0548
2.15,-0.0911
2.1525,-0.1104
2.155,-0.0403
2.1575,-0.05
2.16,-0.1032
2.1625,-0.0766
2.165,-0.0548
2.1675,-0.1056
2.17,-0.0524
2.1725,-0.0331
2.175,-0.0742
2.1775,-0.0911
2.18,-0.0597
2.1825,-0.0717
2.185,-0.0717
2.1875,-0.0476
2.19,-0.0524
2.1925,-0.0766
2.195,-0.0669
2.1975,-0.0427
2.2,-0.1249
2.2025,-0.0621
2.205,-0.0379
2.2075,-0.0234
2.21,-0.0693
2.2125,-0.05
2.215,-0.0234
2.2175,-0.0476
2.22,0.0032
2.2225,0.0129
2.225,-0.0331
2.2275,-0.0621
2.23,-0.0065
2.2325,-0.0306
2.235,-0.0282
2.2375,0.008
2.24,0.0201
2.2425,-0.0331
2.245,-0.0452
2.2475,0.008
2.25,-0.0282
2.2525,0.0105
2.255,0.0322
2.2575,0.0008
2.26,-0.0476
2.2625,0.0056
2.265,0.025
2.2675,-0.004
2.27,0.0177
2.2725,0.0467
2.275,-0.0016
2.2775,-0.0306
2.28,0.0129
2.2825,0.0008
2.285,-0.0065
2.2875,0.025
2.29,0.0371
2.2925,-0.0186
2.295,0.0201
2.2975,0.0129
2.3,0.008
2.3025,0.0322
2.305,0.0588
2.3075,0.0443
2.31,0.0105
2.3125,0.0105
2.315,0.0225
2.3175,0.0177
2.32,0.0371
2.3225,0.0443
2.325,0.008
2.3275,0.0177
2.33,0.0395
2.3325,0.0346
2.335,0.0201
2.3375,0.0516
2.34,0.0685
2.3425,0.0177
2.345,0.0346
2.3475,0.025
2.35,0.025
2.3525,0.0395
2.355,0.0467
2.3575,0.0395
2.36,-0.021
2.3625,0.0129
2.365,0.0443
2.3675,-0.0065
2.37,0.0298
2.3725,0.0491
2.375,0.008
2.3775,-0.0331
2.38,0.0177
2.3825,-0.0379
2.385,-0.0186
2.3875,0.0129
2.39,-0.0113
2.3925,-0.0597
2.395,-0.0403
2.3975,-0.0137
2.4,-0.0645
2.4025,-0.05
2.405,-0.0379
2.4075,-0.0621
2.41,-0.0911
2.4125,-0.0645
2.415,-0.0935
2.4175,-0.1153
2.42,-0.0742
2.4225,-0.0669
2.425,-0.1104
2.4275,-0.1491
2.43,-0.1201
2.4325,-0.1249
2.435,-0.183
2.4375,-0.137
2.44,-0.1467
2.4425,-0.166
2.445,-0.2071
2.4475,-0.1588
2.45,-0.1975
2.4525,-0.2071
2.455,-0.154
2.4575,-0.2096
2.46,-0.2241
2.4625,-0.2071
2.465,-0.1902
2.4675,-0.2531
2.47,-0.2458
2.4725,-0.1878
2.475,-0.2458
2.4775,-0.2724
2.48,-0.2241
2.4825,-0.2531
2.485,-0.2748
2.4875,-0.2362
2.49,-0.2603
2.4925,-0.2869
2.495,-0.2652
2.4975,-0.27
2.5,-0.27
2.5025,-0.27
2.505,-0.2337
2.5075,-0.27
2.51,-0.299
2.5125,-0.2724
2.515,-0.2845
2.5175,-0.2894
2.52,-0.3039
2.5225,-0.2434
2.525,-0.2676
2.5275,-0.3135
2.53,-0.2652
2.5325,-0.2918
2.535,-0.3039
2.5375,-0.2628
2.54,-0.2845
2.5425,-0.2869
2.545,-0.2603
2.5475,-0.2652
2.55,-0.3087
2.5525,-0.2507
2.555,-0.2265
2.5575,-0.2724
2.56,-0.3135
2.5625,-0.2555
2.565,-0.2555
2.5675,-0.3039
2.57,-0.2386
2.5725,-0.2531
2.575,-0.2821
2.5775,-0.2773
2.58,-0.2434
2.5825,-0.2845
2.585,-0.2845
2.5875,-0.2337
2.59,-0.2507
2.5925,-0.2724
2.595,-0.2531
2.5975,-0.2192
2.6,-0.2724
2.6025,-0.2265
2.605,-0.1902
2.6075,-0.2265
2.61,-0.2748
2.6125,-0.2096
2.615,-0.2458
2.6175,-0.2192
2.62,-0.1951
2.6225,-0.212
2.625,-0.2337
2.6275,-0.2507
2.63,-0.2047
2.6325,-0.2071
2.635,-0.1951
2.6375,-0.1636
2.64,-0.1757
2.6425,-0.2313
2.645,-0.1902
2.6475,-0.1926
2.65,-0.2192
2.6525,-0.1878
2.655,-0.1515
2.6575,-0.1854
2.66,-0.212
2.6625,-0.1975
2.665,-0.1999
2.6675,-0.1781
2.67,-0.1733
2.6725,-0.1685
2.675,-0.1781
2.6775,-0.2217
2.68,-0.1564
2.6825,-0.2096
2.685,-0.1999
2.6875,-0.154
2.69,-0.1878
2.6925,-0.2047
2.695,-0.1757
2.6975,-0.1443
2.7,-0.2047
2.7025,-0.1419
2.705,-0.1564
2.7075,-0.1757
2.71,-0.1951
2.7125,-0.1419
2.715,-0.2313
2.7175,-0.1926
2.72,-0.1491
2.7225,-0.1467
2.725,-0.1951
2.7275,-0.183
2.73,-0.1443
2.7325,-0.1709
2.735,-0.1588
2.7375,-0.1249
2.74,-0.166
2.7425,-0.1878
2.745,-0.1612
2.7475,-0.1274
2.75,-0.1709
2.7525,-0.1612
2.755,-0.1104
2.7575,-0.154
2.76,-0.1806
2.7625,-0.1443
2.765,-0.1443
2.7675,-0.1733
2.77,-0.1346
2.7725,-0.1201
2.775,-0.1685
2.7775,-0.1443
2.78,-0.1249
2.7825,-0.1636
2.785,-0.1612
2.7875,-0.0959
2.79,-0.1443
2.7925,-0.1564
2.795,-0.1322
2.7975,-0.1225
2.8,-0.1709
2.8025,-0.1249
2.805,-0.1008
2.8075,-0.1491
2.81,-0.1322
2.8125,-0.1153
2.815,-0.1467
2.8175,-0.1274
2.82,-0.1201
2.8225,-0.1129
2.825,-0.1564
2.8275,-0.1298
2.83,-0.1177
2.8325,-0.1419
2.835,-0.1056
2.8375,-0.0838
2.84,-0.1177
2.8425,-0.1515
2.845,-0.1298
2.8475,-0.0814
2.85,-0.1394
2.8525,-0.0887
2.855,-0.0621
2.8575,-0.108
2.86,-0.108
2.8625,-0.0959
2.865,-0.1056
2.8675,-0.0959
2.87,-0.0572
2.8725,-0.0935
2.875,-0.1153
2.8775,-0.1008
2.88,-0.0645
2.8825,-0.0863
2.885,-0.0838
2.8875,-0.0355
2.89,-0.079
2.8925,-0.0863
2.895,-0.0621
2.8975,-0.0693
2.9,-0.0766
2.9025,-0.0476
2.905,-0.021
2.9075,-0.0572
2.91,-0.0742
2.9125,-0.0476
2.915,-0.0621
2.9175,-0.0838
2.92,-0.0258
2.9225,-0.0548
2.925,-0.079
2.9275,-0.0766
2.93,-0.0306
2.9325,-0.0693
2.935,-0.021
2.9375,-0.0234
2.94,-0.0427
2.9425,-0.0645
2.945,-0.0306
2.9475,-0.0186
2.95,-0.0524
2.9525,-0.0258
2.955,-0.0137
2.9575,-0.0742
2.96,-0.0452
2.9625,-0.004
2.965,-0.0306
2.9675,0.008
2.97,0.0322
2.9725,0.0177
2.975,-0.0355
2.9775,-0.0161
2.98,0.0371
2.9825,-0.004
2.985,0.0346
2.9875,0.0564
2.99,0.0322
2.9925,0.0056
2.995,0.0129
2.9975,0.0443
3.0,-0.0113
3.0025,0.0371
3.005,0.0636
3.0075,0.0225
3.01,0.0177
3.0125,0.0467
3.015,0.025
3.0175,0.008
3.02,0.0685
3.0225,0.0177
3.025,-0.0089
3.0275,0.0346
3.03,0.0371
3.0325,-0.0089
3.035,0.0443
3.0375,0.0927
3.04,0.0225
3.0425,0.0105
3.045,0.0636
3.0475,0.0346
3.05,0.008
3.0525,0.0491
3.055,0.0516
3.0575,0.008
3.06,0.0371
3.0625,0.0612
3.065,0.0322
3.0675,0.0201
3.07,0.0588
3.0725,0.0733
3.075,0.0105
3.0775,0.0274
3.08,0.0516
3.0825,0.025
3.085,0.0322
3.0875,0.0661
3.09,0.0322
3.0925,-0.0016
3.095,0.0516
3.0975,0.0129
3.1,-0.0016
3.1025,0.0516
3.105,0.0757
3.1075,0.008
3.11,0.0153
3.1125,0.0322
3.115,-0.0089
3.1175,-0.0065
3.12,0.0467
3.1225,0.0105
3.125,-0.0113
3.1275,0.0008
3.13,-0.021
3.1325,-0.0452
3.135,-0.0089
3.1375,-0.0137
3.14,-0.0186
3.1425,-0.0766
3.145,-0.0258
3.1475,-0.0621
3.15,-0.0863
3.1525,-0.0452
3.155,-0.0669
3.1575,-0.1177
3.16,-0.1008
3.1625,-0.0621
3.165,-0.1032
3.1675,-0.1322
3.17,-0.0766
3.1725,-0.1177
3.175,-0.1491
3.1775,-0.137
3.18,-0.1612
3.1825,-0.154
3.185,-0.1346
3.1875,-0.1298
3.19,-0.183
3.1925,-0.1733
3.195,-0.1491
3.1975,-0.1806
3.2,-0.2023
3.2025,-0.1491
3.205,-0.1564
3.2075,-0.2096
3.21,-0.1902
3.2125,-0.2047
3.215,-0.2241
3.2175,-0.2071
3.22,-0.1709
3.2225,-0.2168
3.225,-0.2313
3.2275,-0.2241
3.23,-0.2192
3.2325,-0.241
3.235,-0.2071
3.2375,-0.1806
3.24,-0.2337
3.2425,-0.2337
3.245,-0.2023
3.2475,-0.2144
3.25,-0.2337
3.2525,-0.1806
3.255,-0.2265
3.2575,-0.2628
3.26,-0.2337
3.2625,-0.2265
3.265,-0.241
3.2675,-0.2289
3.27,-0.1951
3.2725,-0.2023
3.275,-0.2434
3.2775,-0.1975
3.28,-0.2144
3.2825,-0.2168
3.285,-0.1854
3.2875,-0.2023
3.29,-0.2217
3.2925,-0.2507
3.295,-0.1854
3.2975,-0.2096
3.3,-0.2313
3.3025,-0.1878
3.305,-0.1951
3.3075,-0.2386
3.31,-0.2241
3.3125,-0.1854
3.315,-0.1902
3.3175,-0.2047
3.32,-0.1443
3.3225,-0.1709
3.325,-0.1999
3.3275,-0.183
3.33,-0.1781
3.3325,-0.1926
3.335,-0.154
3.3375,-0.1104
3.34,-0.1781
3.3425,-0.154
3.345,-0.1419
3.3475,-0.1515
3.35,-0.137
3.3525,-0.0911
3.355,-0.1225
3.3575,-0.1636
3.36,-0.1419
3.3625,-0.1153
3.365,-0.137
3.3675,-0.1201
3.37,-0.0766
3.3725,-0.1008
3.375,-0.1394
3.3775,-0.079
3.38,-0.1153
3.3825,-0.1274
3.385,-0.0814
3.3875,-0.0597
3.39,-0.1008
3.3925,-0.1346
3.395,-0.0717
3.3975,-0.108
3.4,-0.0935
3.4025,-0.0669
3.405,-0.0572
3.4075,-0.0983
3.41,-0.1008
3.4125,-0.0621
3.415,-0.108
3.4175,-0.0621
3.42,-0.0427
3.4225,-0.0814
3.425,-0.1056
3.4275,-0.0621
3.43,-0.0887
3.4325,-0.108
3.435,-0.0597
3.4375,-0.0331
3.44,-0.0911
3.4425,-0.0863
3.445,-0.0621
3.4475,-0.1008
3.45,-0.0548
3.4525,-0.0161
3.455,-0.0717
3.4575,-0.1008
3.46,-0.0911
3.4625,-0.0548
3.465,-0.0935
3.4675,-0.0548
3.47,-0.0427
3.4725,-0.0742
3.475,-0.0742
3.4775,-0.0379
3.48,-0.0572
3.4825,-0.0887
3.485,-0.0524
3.4875,-0.0113
3.49,-0.0717
3.4925,-0.0669
3.495,-0.0403
3.4975,-0.0621
3.5,-0.0379
3.5025,-0.0282
3.505,-0.0403
3.5075,-0.079
3.51,-0.0306
3.5125,-0.0524
3.515,-0.0766
3.5175,-0.05
3.52,-0.0113
3.5225,-0.0693
3.525,-0.0911
3.5275,-0.0306
3.53,-0.0597
3.5325,-0.0597
3.535,-0.0282
3.5375,-0.0403
3.54,-0.0838
3.5425,-0.0717
3.545,-0.0282
3.5475,-0.0427
3.55,-0.0548
3.5525,-0.0258
3.555,-0.0452
3.5575,-0.0814
3.56,-0.0379
3.5625,-0.0427
3.565,-0.0476
3.5675,-0.0572
3.57,-0.004
3.5725,-0.0621
3.575,-0.0355
3.5775,-0.0089
3.58,-0.0331
3.5825,-0.0331
3.585,-0.0186
3.5875,0.0056
3.59,-0.0427
3.5925,-0.0572
3.595,-0.0113
3.5975,-0.0572
3.6,-0.0355
3.6025,0.0056
3.605,-0.0331
3.6075,-0.0355
3.61,-0.0089
3.6125,0.0008
3.615,-0.0524
3.6175,-0.0065
3.62,0.0153
3.6225,-0.0186
3.625,-0.021
3.6275,0.0056
3.63,-0.0016
3.6325,-0.0137
3.635,-0.0161
3.6375,0.0177
3.64,-0.0452
3.6425,-0.0186
3.645,0.008
3.6475,-0.0161
3.65,-0.0065
3.6525,0.0177
3.655,-0.0065
3.6575,-0.0427
3.66,0.0105
3.6625,-0.0186
3.665,-0.0234
3.6675,0.0008
3.67,0.0153
3.6725,-0.0331
3.675,-0.0186
3.6775,-0.021
3.68,-0.0234
3.6825,-0.0234
3.685,0.0274
3.6875,0.0032
3.69,-0.0379
3.6925,-0.0186
3.695,0.0105
3.6975,-0.1008
3.7,0.0032
3.7025,0.0177
3.705,0.0008
3.7075,-0.0379
3.71,-0.0089
3.7125,0.0419
3.715,-0.0379
3.7175,-0.0137
3.72,0.0129
3.7225,-0.0089
3.725,-0.05
3.7275,-0.0016
3.73,-0.0137
3.7325,-0.0476
3.735,0.0153
3.7375,-0.021
3.74,-0.0331
3.7425,-0.0089
3.745,0.0129
3.7475,-0.0355
3.75,-0.0161
3.7525,0.0056
3.755,-0.021
3.7575,-0.0476
3.76,-0.004
3.7625,-0.0065
3.765,-0.0234
3.7675,0.0056
3.77,-0.004
3.7725,-0.0282
3.775,-0.0137
3.7775,0.0056
3.78,0.008
3.7825,-0.0306
3.785,0.0201
3.7875,0.025
3.79,-0.0331
3.7925,-0.0089
3.795,0.0008
3.7975,-0.0427
3.8,-0.0137
3.8025,0.0274
3.805,0.0008
3.8075,-0.0379
3.81,0.0008
3.8125,-0.004
3.815,-0.0403
3.8175,-0.004
3.82,-0.0137
3.8225,-0.0089
3.825,-0.0234
3.8275,0.0395
3.83,-0.0306
3.8325,0.0056
3.835,0.0225
3.8375,0.0008
3.84,-0.0379
3.8425,-0.0065
3.845,0.0129
3.8475,-0.0452
3.85,-0.004
3.8525,-0.0065
3.855,-0.0379
3.8575,-0.0621
3.86,-0.0065
3.8625,-0.0572
3.865,-0.0742
3.8675,-0.0427
3.87,-0.0427
3.8725,-0.0669
3.875,-0.0863
3.8775,-0.0452
3.88,-0.0983
3.8825,-0.0572
3.885,-0.05
3.8875,-0.0693
3.89,-0.1274
3.8925,-0.0935
3.895,-0.1225
3.8975,-0.1636
3.9,-0.1322
3.9025,-0.1274
3.905,-0.1394
3.9075,-0.1733
3.91,-0.154
3.9125,-0.1443
3.915,-0.1781
3.9175,-0.1104
3.92,-0.1612
3.9225,-0.212
3.925,-0.1902
3.9275,-0.1951
3.93,-0.2144
3.9325,-0.1951
3.935,-0.1709
3.9375,-0.2023
3.94,-0.2313
3.9425,-0.241
3.945,-0.2386
3.9475,-0.2531
3.95,-0.241
3.9525,-0.2289
3.955,-0.2337
3.9575,-0.2748
3.96,-0.2313
3.9625,-0.2555
3.965,-0.2821
3.9675,-0.2458
3.97,-0.2579
3.9725,-0.2748
3.975,-0.2918
3.9775,-0.2458
3.98,-0.2966
3.9825,-0.2507
3.985,-0.2434
3.9875,-0.2458
3.99,-0.3039
3.9925,-0.2458
3.995,-0.2603
3.9975,-0.299
4.0,-0.2483
4.0025,-0.2362
4.005,-0.2652
4.0075,-0.2966
4.01,-0.2507
4.0125,-0.2603
4.015,-0.2603
4.0175,-0.1878
4.02,-0.2483
4.0225,-0.27
4.025,-0.2676
4.0275,-0.2362
4.03,-0.2458
4.0325,-0.2579
4.035,-0.1902
4.0375,-0.2313
4.04,-0.2724
4.0425,-0.2337
4.045,-0.2023
4.0475,-0.2362
4.05,-0.2096
4.0525,-0.1733
4.055,-0.2265
4.0575,-0.2289
4.06,-0.2023
4.0625,-0.2168
4.065,-0.2386
4.0675,-0.1733
4.07,-0.1926
4.0725,-0.2096
4.075,-0.2023
4.0775,-0.1709
4.08,-0.212
4.0825,-0.183
4.085,-0.1612
4.0875,-0.1926
4.09,-0.2023
4.0925,-0.1781
4.095,-0.1854
4.0975,-0.1781
4.1,-0.1733
4.1025,-0.137
4.105,-0.1878
4.1075,-0.1926
4.11,-0.1322
4.1125,-0.1709
4.115,-0.1467
4.1175,-0.1056
4.12,-0.1443
4.1225,-0.1757
4.125,-0.1612
4.1275,-0.1926
4.13,-0.1685
4.1325,-0.1346
4.135,-0.1008
4.1375,-0.1322
4.14,-0.1612
4.1425,-0.166
4.145,-0.1394
4.1475,-0.1443
4.15,-0.1008
4.1525,-0.1201
4.155,-0.1443
4.1575,-0.1564
4.16,-0.108
4.1625,-0.1419
4.165,-0.1467
4.1675,-0.0911
4.17,-0.1201
4.1725,-0.1467
4.175,-0.1249
4.1775,-0.1104
4.18,-0.1346
4.1825,-0.1008
4.185,-0.0621
4.1875,-0.0959
4.19,-0.1394
4.1925,-0.1032
4.195,-0.1104
4.1975,-0.1467
4.2,-0.0911
4.2025,-0.1008
4.205,-0.1249
4.2075,-0.1443
4.21,-0.0838
4.2125,-0.1394
4.215,-0.0717
4.2175,-0.079
4.22,-0.1008
4.2225,-0.1491
4.225,-0.1153
4.2275,-0.079
4.23,-0.1201
4.2325,-0.1346
4.235,-0.0887
4.2375,-0.1298
4.24,-0.1443
4.2425,-0.0838
4.245,-0.1298
4.2475,-0.1104
4.25,-0.0838
4.2525,-0.0693
4.255,-0.1274
4.2575,-0.1322
4.26,-0.0959
4.2625,-0.1153
4.265,-0.0959
4.2675,-0.0742
4.27,-0.0838
4.2725,-0.1419
4.275,-0.1298
4.2775,-0.0959
4.28,-0.1322
4.2825,-0.0887
4.285,-0.0572
4.2875,-0.0887
4.29,-0.1153
4.2925,-0.0814
4.295,-0.079
4.2975,-0.1153
4.3,-0.0331
4.3025,-0.0838
4.305,-0.1225
4.3075,-0.0935
4.31,-0.0597
4.3125,-0.1104
4.315,-0.0717
4.3175,-0.0161
4.32,-0.0669
4.3225,-0.1032
4.325,-0.0355
4.3275,-0.0524
4.33,-0.0814
4.3325,-0.0524
4.335,-0.0234
4.3375,-0.079
4.34,-0.0621
4.3425,-0.0379
4.345,-0.0427
4.3475,-0.079
4.35,-0.0331
4.3525,0.025
4.355,-0.0597
4.3575,-0.0669
4.36,-0.0113
4.3625,-0.0331
4.365,-0.0427
4.3675,-0.004
4.37,-0.0186
4.3725,-0.0476
4.375,-0.0113
4.3775,-0.0089
4.38,-0.0258
4.3825,0.0153
4.385,0.0395
4.3875,-0.0065
4.39,-0.0186
4.3925,0.0056
4.395,0.0008
4.3975,-0.0524
4.4,0.0443
4.4025,0.0395
4.405,0.0153
4.4075,0.0129
4.41,0.025
4.4125,0.0008
4.415,0.0371
4.4175,0.054
4.42,0.0443
4.4225,-0.0089
4.425,0.0419
4.4275,0.0298
4.43,0.0177
4.4325,0.0395
4.435,0.0467
4.4375,0.0056
4.44,0.0056
4.4425,0.0467
4.445,0.0371
4.4475,-0.0065
4.45,0.0564
4.4525,0.0443
4.455,0.0129
4.4575,0.0153
4.46,0.0322
4.4625,0.0298
4.465,0.0346
4.4675,0.0854
4.47,0.025
4.4725,0.0274
4.475,0.0443
4.4775,0.0467
4.48,0.025
4.4825,0.0782
4.485,0.0927
4.4875,0.0322
4.49,0.0395
4.4925,0.0636
4.495,0.0419
4.4975,0.054
4.5,0.0999
4.5025,0.0588
4.505,0.0467
4.5075,0.0322
4.51,0.0661
4.5125,0.0443
4.515,0.0782
4.5175,0.1072
4.52,0.0636
4.5225,0.0419
4.525,0.0733
4.5275,0.0951
4.53,0.0588
4.5325,0.1144
4.535,0.0927
4.5375,0.0491
4.54,0.0612
4.5425,0.0999
4.545,0.0854
4.5475,0.0782
4.55,0.1168
4.5525,0.1313
4.555,0.0564
4.5575,0.1072
4.56,0.1193
4.5625,0.1048
4.565,0.1265
4.5675,0.1313
4.57,0.1072
4.5725,0.0806
4.575,0.0999
4.5775,0.1217
4.58,0.0902
4.5825,0.1144
4.585,0.1217
4.5875,0.0782
4.59,0.0709
4.5925,0.1193
4.595,0.0999
4.5975,0.0661
4.6,0.1289
4.6025,0.1023
4.605,0.0709
4.6075,0.054
4.61,0.0636
4.6125,0.0467
4.615,0.0564
4.6175,0.0975
4.62,0.0346
4.6225,0.0225
4.625,0.0491
4.6275,0.0177
4.63,-0.0065
4.6325,0.0443
4.635,0.025
4.6375,-0.0427
4.64,-0.0379
4.6425,0.0225
4.645,-0.0621
4.6475,-0.0572
4.65,-0.0161
4.6525,-0.0282
4.655,-0.0887
4.6575,-0.05
4.66,-0.0863
4.6625,-0.1056
4.665,-0.0959
4.6675,-0.0621
4.67,-0.0983
4.6725,-0.1129
4.675,-0.1153
4.6775,-0.1346
4.68,-0.166
4.6825,-0.1419
4.685,-0.1129
4.6875,-0.154
4.69,-0.1951
4.6925,-0.1491
4.695,-0.1975
4.6975,-0.1806
4.7,-0.1636
4.7025,-0.1854
4.705,-0.2023
4.7075,-0.2071
4.71,-0.2096
4.7125,-0.2265
4.715,-0.2071
4.7175,-0.1733
4.72,-0.2313
4.7225,-0.2652
4.725,-0.2313
4.7275,-0.2434
4.73,-0.2313
4.7325,-0.212
4.735,-0.2313
4.7375,-0.2724
4.74,-0.2797
4.7425,-0.2289
4.745,-0.27
4.7475,-0.2483
4.75,-0.2192
4.7525,-0.2555
4.755,-0.2845
4.7575,-0.2362
4.76,-0.2531
4.7625,-0.2894
4.765,-0.2652
4.7675,-0.2192
4.77,-0.27
4.7725,-0.2894
4.775,-0.2458
4.7775,-0.2555
4.78,-0.2531
4.7825,-0.2483
4.785,-0.2458
4.7875,-0.2797
4.79,-0.2555
4.7925,-0.2507
4.795,-0.2676
4.7975,-0.2507
4.8,-0.2047
4.8025,-0.2531
4.805,-0.2724
4.8075,-0.2458
4.81,-0.241
4.8125,-0.2265
4.815,-0.2071
4.8175,-0.2071
4.82,-0.2483
4.8225,-0.2362
4.825,-0.2168
4.8275,-0.2071
4.83,-0.212
4.8325,-0.1806
4.835,-0.2096
4.8375,-0.2168
4.84,-0.2096
4.8425,-0.1878
4.845,-0.1999
4.8475,-0.1951
4.85,-0.1346
4.8525,-0.1878
4.855,-0.1951
4.8575,-0.154
4.86,-0.1636
4.8625,-0.166
4.865,-0.1346
4.8675,-0.1032
4.87,-0.154
4.8725,-0.1878
4.875,-0.1298
4.8775,-0.1612
4.88,-0.1129
4.8825,-0.0935
4.885,-0.1346
4.8875,-0.1612
4.89,-0.1346
4.8925,-0.1056
4.895,-0.137
4.8975,-0.1104
4.9,-0.0742
4.9025,-0.0959
4.905,-0.137
4.9075,-0.0887
4.91,-0.0838
4.9125,-0.1008
4.915,-0.0959
4.9175,-0.0621
4.92,-0.1153
4.9225,-0.1322
4.925,-0.0959
4.9275,-0.0863
4.93,-0.0814
4.9325,-0.05
4.935,-0.0669
4.9375,-0.1032
4.94,-0.0814
4.9425,-0.0814
4.945,-0.0959
4.9475,-0.0548
4.95,-0.0282
4.9525,-0.0887
4.955,-0.1153
4.9575,-0.0621
4.96,-0.0645
4.9625,-0.0742
4.965,-0.0161
4.9675,-0.0355
4.97,-0.0693
4.9725,-0.1008
4.975,-0.0379
4.9775,-0.0766
4.98,-0.0355
4.9825,-0.0137
4.985,-0.0234
4.9875,-0.0645
4.99,-0.0669
4.9925,-0.0234
4.995,-0.0742
4.9975,-0.0669
5.0,-0.0137
5.0025,-0.0427
5.005,-0.0814
5.0075,-0.0548
5.01,-0.05
5.0125,-0.0693
5.015,-0.0282
5.0175,-0.0403
5.02,-0.0524
5.0225,-0.0524
5.025,-0.0403
5.0275,-0.0693
5.03,-0.0597
5.0325,-0.0379
5.035,-0.0452
5.0375,-0.0742
5.04,-0.05
5.0425,-0.0331
5.045,-0.0645
5.0475,-0.0452
5.05,-0.0306
5.0525,-0.0524
5.055,-0.0717
5.0575,-0.0234
5.06,-0.0258
5.0625,-0.0742
5.065,-0.0016
5.0675,-0.0258
5.07,-0.0814
5.0725,-0.0717
5.075,-0.0331
5.0775,-0.0863
5.08,-0.0524
5.0825,-0.0186
5.085,-0.0306
5.0875,-0.0693
5.09,-0.0572
5.0925,-0.0403
5.095,-0.0766
5.0975,-0.05
5.1,-0.0379
5.1025,-0.0645
5.105,-0.079
5.1075,-0.0355
5.11,-0.0524
5.1125,-0.0427
5.115,-0.0234
5.1175,-0.0186
5.12,-0.0669
5.1225,-0.0306
5.125,-0.0306
5.1275,-0.0524
5.13,-0.0597
5.1325,0.0008
5.135,-0.0355
5.1375,-0.0717
5.14,-0.0186
5.1425,-0.0282
5.145,-0.0427
5.1475,-0.0258
5.15,0.0105
5.1525,-0.0161
5.155,-0.0427
5.1575,-0.0089
5.16,-0.0065
5.1625,0.0056
5.165,0.0346
5.1675,0.054
5.17,-0.0161
5.1725,0.0105
5.175,0.0177
5.1775,-0.004
5.18,0.0491
5.1825,0.0588
5.185,0.0298
5.1875,0.0008
5.19,0.008
5.1925,0.0516
5.195,0.0298
5.1975,0.0733
5.2,0.0733
5.2025,0.0105
5.205,0.0274
5.2075,0.083
5.21,0.0443
5.2125,0.0346
5.215,0.0927
5.2175,0.0782
5.22,0.0346
5.2225,0.0153
5.225,0.0709
5.2275,0.0443
5.23,0.0564
5.2325,0.0999
5.235,0.0927
5.2375,0.0491
5.24,0.0782
5.2425,0.1048
5.245,0.0612
5.2475,0.0902
5.25,0.0951
5.2525,0.0709
5.255,0.0443
5.2575,0.0878
5.26,0.0782
5.2625,0.1362
5.265,0.1459
5.2675,0.1072
5.27,0.0902
5.2725,0.0975
5.275,0.1168
5.2775,0.0854
5.28,0.1168
5.2825,0.1628
5.285,0.0927
5.2875,0.0636
5.29,0.1072
5.2925,0.1265
5.295,0.1096
5.2975,0.1628
5.3,0.1362
5.3025,0.1144
5.305,0.0878
5.3075,0.1168
5.31,0.141
5.3125,0.1072
5.315,0.1725
5.3175,0.1483
5.32,0.1023
5.3225,0.1265
5.325,0.141
5.3275,0.1362
5.33,0.1459
5.3325,0.1749
5.335,0.1507
5.3375,0.112
5.34,0.1338
5.3425,0.1362
5.345,0.112
5.3475,0.1507
5.35,0.1459
5.3525,0.1313
5.355,0.0999
5.3575,0.1313
5.36,0.0951
5.3625,0.0902
5.365,0.1168
5.3675,0.1023
5.37,0.0564
5.3725,0.0782
5.375,0.0757
5.3775,0.0443
5.38,0.0443
5.3825,0.0806
5.385,0.0298
5.3875,0.0056
5.39,0.0346
5.3925,0.0225
5.395,-0.0186
5.3975,0.0274
5.4,0.0008
5.4025,-0.0331
5.405,-0.0597
5.4075,-0.0282
5.41,-0.0645
5.4125,-0.0814
5.415,-0.0403
5.4175,-0.0621
5.42,-0.1298
5.4225,-0.1201
5.425,-0.1104
5.4275,-0.1153
5.43,-0.1032
5.4325,-0.1129
5.435,-0.137
5.4375,-0.1709
5.44,-0.1322
5.4425,-0.166
5.445,-0.1878
5.4475,-0.1515
5.45,-0.1394
5.4525,-0.2096
5.455,-0.1926
5.4575,-0.1733
5.46,-0.2241
5.4625,-0.1999
5.465,-0.1781
5.4675,-0.1854
5.47,-0.2434
5.4725,-0.2217
5.475,-0.212
5.4775,-0.2458
5.48,-0.2144
5.4825,-0.2071
5.485,-0.2337
5.4875,-0.2555
5.49,-0.2168
5.4925,-0.2579
5.495,-0.241
5.4975,-0.1685
5.5,-0.2289
5.5025,-0.2773
5.505,-0.27
5.5075,-0.2289
5.51,-0.2483
5.5125,-0.2724
5.515,-0.212
5.5175,-0.2603
5.52,-0.2894
5.5225,-0.2362
5.525,-0.2628
5.5275,-0.27
5.53,-0.2386
5.5325,-0.2071
5.535,-0.2628
5.5375,-0.2918
5.54,-0.2555
5.5425,-0.2531
5.545,-0.2507
5.5475,-0.2023
5.55,-0.2071
5.5525,-0.2821
5.555,-0.2869
5.5575,-0.241
5.56,-0.2652
5.5625,-0.241
5.565,-0.212
5.5675,-0.2168
5.57,-0.27
5.5725,-0.2337
5.575,-0.2144
5.5775,-0.241
5.58,-0.1951
5.5825,-0.212
5.585,-0.2483
5.5875,-0.2386
5.59,-0.1951
5.5925,-0.2192
5.595,-0.2023
5.5975,-0.1636
5.6,-0.1806
5.6025,-0.2144
5.605,-0.1878
5.6075,-0.1709
5.61,-0.1902
5.6125,-0.1757
5.615,-0.1177
5.6175,-0.1733
5.62,-0.1975
5.6225,-0.1636
5.625,-0.1467
5.6275,-0.1636
5.63,-0.1709
5.6325,-0.1008
5.635,-0.1491
5.6375,-0.1878
5.64,-0.1225
5.6425,-0.1201
5.645,-0.1564
5.6475,-0.1056
5.65,-0.1032
5.6525,-0.1419
5.655,-0.1249
5.6575,-0.1177
5.66,-0.1201
5.6625,-0.1104
5.665,-0.0814
5.6675,-0.108
5.67,-0.1443
5.6725,-0.1177
5.675,-0.1104
5.6775,-0.1394
5.68,-0.0983
5.6825,-0.0717
5.685,-0.1104
5.6875,-0.1274
5.69,-0.0935
5.6925,-0.1274
5.695,-0.1201
5.6975,-0.0717
5.7,-0.0742
5.7025,-0.1443
5.705,-0.1056
5.7075,-0.0863
5.71,-0.154
5.7125,-0.1153
5.715,-0.0814
5.7175,-0.1298
5.72,-0.1612
5.7225,-0.1056
5.725,-0.0887
5.7275,-0.1394
5.73,-0.1056
5.7325,-0.0911
5.735,-0.1274
5.7375,-0.1443
5.74,-0.108
5.7425,-0.1104
5.745,-0.1298
5.7475,-0.079
5.75,-0.1201
5.7525,-0.137
5.755,-0.1201
5.7575,-0.0935
5.76,-0.1443
5.7625,-0.1008
5.765,-0.0838
5.7675,-0.1129
5.77,-0.1419
5.7725,-0.0838
5.775,-0.1201
5.7775,-0.1346
5.78,-0.0742
5.7825,-0.1008
5.785,-0.1104
5.7875,-0.1443
5.79,-0.0766
5.7925,-0.1129
5.795,-0.1104
5.7975,-0.0742
5.8,-0.0983
5.8025,-0.1419
5.805,-0.1008
5.8075,-0.0766
5.81,-0.1298
5.8125,-0.0717
5.815,-0.0717
5.8175,-0.1129
5.82,-0.1298
5.8225,-0.0669
5.825,-0.0887
5.8275,-0.1177
5.83,-0.079
5.8325,-0.0452
5.835,-0.1177
5.8375,-0.0766
5.84,-0.0597
5.8425,-0.1153
5.845,-0.0742
5.8475,-0.0355
5.85,-0.0863
5.8525,-0.0983
5.855,-0.0717
5.8575,-0.05
5.86,-0.0911
5.8625,-0.0814
5.865,-0.05
5.8675,-0.0959
5.87,-0.0983
5.8725,-0.0355
5.875,-0.0427
5.8775,-0.0911
5.88,-0.0403
5.8825,-0.021
5.885,-0.0645
5.8875,-0.0959
5.89,-0.0476
5.8925,-0.0645
5.895,-0.0717
5.8975,-0.021
5.9,-0.05
5.9025,-0.0717
5.905,-0.0258
5.9075,-0.0379
5.91,-0.0669
5.9125,-0.0065
5.915,0.0008
5.9175,-0.0452
5.92,-0.0669
5.9225,-0.0089
5.925,-0.0331
5.9275,-0.0331
5.93,0.008
5.9325,0.0322
5.935,-0.0306
5.9375,0.0008
5.94,-0.021
5.9425,-0.0016
5.945,0.0129
5.9475,0.0636
5.95,0.0491
5.9525,0.0105
5.955,0.025
5.9575,0.0395
5.96,0.0105
5.9625,0.0395
5.965,0.0757
5.9675,0.054
5.97,-0.0161
5.9725,0.0491
5.975,0.0346
5.9775,0.054
5.98,0.0709
5.9825,0.0733
5.985,0.054
5.9875,0.0491
5.99,0.0733
5.9925,0.054
5.995,0.083
5.9975,0.0975
6.0,0.0709
6.0025,0.0346
6.005,0.0516
6.0075,0.0709
6.01,0.0757
6.0125,0.0927
6.015,0.0951
6.0175,0.0467
6.02,0.0516
6.0225,0.0975
6.025,0.0636
6.0275,0.0854
6.03,0.1313
6.0325,0.112
6.035,0.0612
6.0375,0.0999
6.04,0.112
6.0425,0.0709
6.045,0.0733
6.0475,0.1193
6.05,0.0999
6.0525,0.0588
6.055,0.0951
6.0575,0.1048
6.06,0.083
6.0625,0.0927
6.065,0.1168
6.0675,0.0806
6.07,0.083
6.0725,0.1023
6.075,0.0806
6.0775,0.0951
6.08,0.1241
6.0825,0.1023
6.085,0.0782
6.0875,0.0782
6.09,0.0999
6.0925,0.0733
6.095,0.0806
6.0975,0.1459
6.1,0.0854
6.1025,0.0636
6.105,0.0902
6.1075,0.1144
6.11,0.0782
6.1125,0.1168
6.115,0.1289
6.1175,0.0902
6.12,0.0782
6.1225,0.1168
6.125,0.0999
6.1275,0.0782
6.13,0.1434
6.1325,0.1023
6.135,0.0782
6.1375,0.1144
6.14,0.1289
6.1425,0.0975
6.145,0.1289
6.1475,0.1531
6.15,0.1289
6.1525,0.0806
6.155,0.1338
6.1575,0.1072
6.16,0.0902
6.1625,0.1555
6.165,0.1193
6.1675,0.0806
6.17,0.0878
6.1725,0.1168
6.175,0.0661
6.1775,0.0927
6.18,0.1265
6.1825,0.112
6.185,0.054
6.1875,0.0902
6.19,0.0999
6.1925,0.0612
6.195,0.0516
6.1975,0.0927
6.2,0.0395
6.2025,0.0177
6.205,0.0298
6.2075,0.0346
6.21,0.0008
6.2125,0.0274
6.215,0.0322
6.2175,-0.0113
6.22,-0.0306
6.2225,-0.0355
6.225,-0.0621
6.2275,-0.0476
6.23,-0.0161
6.2325,-0.0669
6.235,-0.0959
6.2375,-0.079
6.24,-0.0814
6.2425,-0.1225
6.245,-0.0693
6.2475,-0.0766
6.25,-0.1153
6.2525,-0.1443
6.255,-0.1104
6.2575,-0.1515
6.26,-0.1491
6.2625,-0.1249
6.265,-0.1249
6.2675,-0.1515
6.27,-0.1878
6.2725,-0.1515
6.275,-0.1781
6.2775,-0.1902
6.28,-0.1322
6.2825,-0.154
6.285,-0.1951
6.2875,-0.2096
6.29,-0.1733
6.2925,-0.2096
6.295,-0.1733
6.2975,-0.1733
6.3,-0.1926
6.3025,-0.241
6.305,-0.2047
6.3075,-0.1926
6.31,-0.2168
6.3125,-0.1999
6.315,-0.1926
6.3175,-0.212
6.32,-0.2265
6.3225,-0.1781
6.325,-0.2047
6.3275,-0.2023
6.33,-0.1733
6.3325,-0.1951
6.335,-0.2313
6.3375,-0.1926
6.34,-0.1781
6.3425,-0.2265
6.345,-0.166
6.3475,-0.154
6.35,-0.2168
6.3525,-0.2362
6.355,-0.1612
6.3575,-0.2047
6.36,-0.1975
6.3625,-0.1515
6.365,-0.1346
6.3675,-0.1878
6.37,-0.1926
6.3725,-0.1588
6.375,-0.1733
6.3775,-0.1636
6.38,-0.1346
6.3825,-0.1346
6.385,-0.1926
6.3875,-0.1467
6.39,-0.1467
6.3925,-0.1394
6.395,-0.1153
6.3975,-0.0887
6.4,-0.1443
6.4025,-0.1443
6.405,-0.1274
6.4075,-0.1177
6.41,-0.1008
6.4125,-0.0524
6.415,-0.0911
6.4175,-0.1322
6.42,-0.0959
6.4225,-0.0863
6.425,-0.0863
6.4275,-0.0911
6.43,-0.0258
6.4325,-0.0524
6.435,-0.1104
6.4375,-0.0621
6.44,-0.0621
6.4425,-0.0669
6.445,-0.0379
6.4475,-0.0186
6.45,-0.0597
6.4525,-0.0621
6.455,-0.0355
6.4575,-0.0814
6.46,-0.0597
6.4625,-0.0137
6.465,-0.0306
6.4675,-0.0572
6.47,-0.079
6.4725,-0.0306
6.475,-0.079
6.4775,-0.0282
6.48,-0.0113
6.4825,-0.0524
6.485,-0.0766
6.4875,-0.0234
6.49,-0.0476
6.4925,-0.079
6.495,-0.0282
6.4975,-0.0065
6.5,-0.0524
6.5025,-0.0887
6.505,-0.0306
6.5075,-0.1056
6.51,-0.0887
6.5125,-0.0113
6.515,-0.0355
6.5175,-0.0645
6.52,-0.0621
6.5225,-0.0403
6.525,-0.0693
6.5275,-0.0669
6.53,-0.0379
6.5325,-0.0524
6.535,-0.0814
6.5375,-0.0597
6.54,-0.0693
6.5425,-0.0621
6.545,-0.021
6.5475,-0.0355
6.55,-0.0403
6.5525,-0.0621
6.555,-0.0863
6.5575,-0.0717
6.56,-0.0621
6.5625,-0.0137
6.565,-0.0621
6.5675,-0.0838
6.57,-0.0669
6.5725,-0.0306
6.575,-0.079
6.5775,-0.0186
6.58,-0.021
6.5825,-0.0476
6.585,-0.0814
6.5875,-0.0621
6.59,-0.0403
6.5925,-0.0717
6.595,-0.021
6.5975,-0.0065
6.6,-0.0621
6.6025,-0.0814
6.605,-0.0331
6.6075,-0.0331
6.61,-0.0621
6.6125,-0.0089
6.615,-0.0282
6.6175,-0.1104
6.62,-0.0379
6.6225,-0.0113
6.625,-0.0379
6.6275,-0.0258
6.63,0.0032
6.6325,-0.0234
6.635,-0.0572
6.6375,-0.0234
6.64,-0.0331
6.6425,-0.0524
6.645,-0.0258
6.6475,-0.0186
6.65,-0.0597
6.6525,-0.0452
6.655,-0.0089
6.6575,-0.0597
6.66,-0.0524
6.6625,0.008
6.665,-0.0331
6.6675,-0.0597
6.67,-0.0161
6.6725,-0.0137
6.675,-0.0427
6.6775,-0.004
6.68,0.0153
6.6825,-0.0282
6.685,-0.0548
6.6875,-0.0282
6.69,-0.0161
6.6925,-0.0258
6.695,0.0395
6.6975,0.025
6.7,-0.0524
6.7025,-0.0258
6.705,0.0201
6.7075,-0.0306
6.71,0.008
6.7125,0.0322
6.715,0.0056
6.7175,-0.0258
6.72,0.0032
6.7225,0.0008
6.725,-0.0234
6.7275,0.0153
6.73,0.0395
6.7325,-0.0186
6.735,-0.0161
6.7375,0.0346
6.74,-0.004
6.7425,0.0056
6.745,0.0274
6.7475,0.0661
6.75,-0.0089
6.7525,0.0056
6.755,0.0467
6.7575,0.008
6.76,0.0274
6.7625,0.0733
6.765,0.0395
6.7675,0.008
6.77,0.0419
6.7725,0.0298
6.775,0.0346
6.7775,0.0709
6.78,0.0854
6.7825,0.0153
6.785,0.0177
6.7875,0.054
6.79,0.0564
6.7925,0.0201
6.795,0.0854
6.7975,0.054
6.8,0.0491
6.8025,0.0636
6.805,0.0564
6.8075,0.0298
6.81,0.0661
6.8125,0.0902
6.815,0.054
6.8175,0.0322
6.82,0.0516
6.8225,0.083
6.825,0.0516
6.8275,0.0927
6.83,0.0927
6.8325,0.0346
6.835,0.0298
6.8375,0.0588
6.84,0.054
6.8425,0.0395
6.845,0.0806
6.8475,0.083
6.85,0.0225
6.8525,0.0612
6.855,0.0878
6.8575,0.0564
6.86,0.0782
6.8625,0.0902
6.865,0.0564
6.8675,0.0322
6.87,0.0951
6.8725,0.0733
6.875,0.0588
6.8775,0.1072
6.88,0.112
6.8825,0.0661
6.885,0.0999
6.8875,0.1023
6.89,0.083
6.8925,0.0636
6.895,0.1265
6.8975,0.0854
6.9,0.0516
6.9025,0.0854
6.905,0.1168
6.9075,0.0757
6.91,0.0806
6.9125,0.1168
6.915,0.0927
6.9175,0.0564
6.92,0.0975
6.9225,0.112
6.925,0.0636
6.9275,0.0927
6.93,0.1241
6.9325,0.083
6.935,0.0806
6.9375,0.1048
6.94,0.083
6.9425,0.0757
6.945,0.1048
6.9475,0.1168
6.95,0.0516
6.9525,0.0636
6.955,0.1048
6.9575,0.0709
6.96,0.0951
6.9625,0.141
6.965,0.1023
6.9675,0.054
6.97,0.1168
6.9725,0.0878
6.975,0.0854
6.9775,0.1217
6.98,0.1362
6.9825,0.0733
6.985,0.0878
6.9875,0.112
6.99,0.0564
6.9925,0.0661
6.995,0.1265
6.9975,0.0709
7.0,0.0467
7.0025,0.0709
7.005,0.0927
7.0075,0.0419
7.01,0.0636
7.0125,0.0999
7.015,0.054
7.0175,0.0129
7.02,0.054
7.0225,0.0491
7.025,-0.0065
7.0275,0.0443
7.03,0.0177
7.0325,-0.0331
7.035,-0.0161
7.0375,0.0129
7.04,-0.0427
7.0425,-0.0306
7.045,-0.0161
7.0475,-0.0355
7.05,-0.0766
7.0525,-0.0306
7.055,-0.0621
7.0575,-0.1032
7.06,-0.0572
7.0625,-0.0669
7.065,-0.0838
7.0675,-0.1153
7.07,-0.0887
7.0725,-0.1177
7.075,-0.154
7.0775,-0.1104
7.08,-0.1153
7.0825,-0.1685
7.085,-0.1394
7.0875,-0.1322
7.09,-0.1733
7.0925,-0.1491
7.095,-0.1153
7.0975,-0.183
7.1,-0.2023
7.1025,-0.1612
7.105,-0.1709
7.1075,-0.2023
7.11,-0.1902
7.1125,-0.1467
7.115,-0.2096
7.1175,-0.1999
7.12,-0.2047
7.1225,-0.2265
7.125,-0.2071
7.1275,-0.1588
7.13,-0.1926
7.1325,-0.2168
7.135,-0.2096
7.1375,-0.183
7.14,-0.2192
7.1425,-0.2337
7.145,-0.1781
7.1475,-0.2192
7.15,-0.2289
7.1525,-0.1926
7.155,-0.1854
7.1575,-0.2047
7.16,-0.2047
7.1625,-0.1636
7.165,-0.2096
7.1675,-0.2434
7.17,-0.1975
7.1725,-0.2168
7.175,-0.2362
7.1775,-0.1926
7.18,-0.2047
7.1825,-0.2434
7.185,-0.1951
7.1875,-0.1854
7.19,-0.2362
7.1925,-0.1902
7.195,-0.1636
7.1975,-0.2047
7.2,-0.2386
7.2025,-0.183
7.205,-0.2047
7.2075,-0.2313
7.21,-0.1878
7.2125,-0.154
7.215,-0.2071
7.2175,-0.1878
7.22,-0.1612
7.2225,-0.1878
7.225,-0.2047
7.2275,-0.1612
7.23,-0.1322
7.2325,-0.1926
7.235,-0.1781
7.2375,-0.154
7.24,-0.1951
7.2425,-0.1733
7.245,-0.137
7.2475,-0.1322
7.25,-0.1951
7.2525,-0.166
7.255,-0.1588
7.2575,-0.1564
7.26,-0.1419
7.2625,-0.1177
7.265,-0.1419
7.2675,-0.1636
7.27,-0.1201
7.2725,-0.1394
7.275,-0.1346
7.2775,-0.108
7.28,-0.1153
7.2825,-0.1515
7.285,-0.1588
7.2875,-0.108
7.29,-0.1298
7.2925,-0.1056
7.295,-0.0717
7.2975,-0.1201
7.3,-0.1274
7.3025,-0.1008
7.305,-0.1032
7.3075,-0.1104
7.31,-0.0524
7.3125,-0.0645
7.315,-0.1177
7.3175,-0.0887
7.32,-0.0669
7.3225,-0.0863
7.325,-0.1056
7.3275,-0.0524
7.33,-0.0597
7.3325,-0.1056
7.335,-0.0863
7.3375,-0.0476
7.34,-0.0814
7.3425,-0.0693
7.345,-0.0113
7.3475,-0.0621
7.35,-0.0742
7.3525,-0.0355
7.355,-0.0548
7.3575,-0.0766
7.36,-0.021
7.3625,-0.0331
7.365,-0.0355
7.3675,-0.0645
7.37,-0.0234
7.3725,-0.0645
7.375,-0.0331
7.3775,0.0056
7.38,-0.0306
7.3825,-0.0669
7.385,-0.0403
7.3875,0.0008
7.39,-0.0282
7.3925,-0.0113
7.395,0.0346
7.3975,-0.0113
7.4,-0.0476
7.4025,0.008
7.405,-0.0016
7.4075,-0.0234
7.41,0.0298
7.4125,0.0105
7.415,-0.0331
7.4175,0.008
7.42,0.0322
7.4225,-0.0113
7.425,0.0177
7.4275,0.0467
7.43,0.0491
7.4325,0.0056
7.435,0.0443
7.4375,0.025
7.44,0.0056
7.4425,0.0685
7.445,0.0612
7.4475,0.0201
7.45,0.0153
7.4525,0.0443
7.455,0.0443
7.4575,0.0346
7.46,0.0709
7.4625,0.0999
7.465,0.025
7.4675,0.0661
7.47,0.0709
7.4725,0.0516
7.475,0.0588
7.4775,0.0999
7.48,0.0878
7.4825,0.0588
7.485,0.0685
7.4875,0.1048
7.49,0.0902
7.4925,0.1168
7.495,0.1459
7.4975,0.1144
7.5,0.0927
7.5025,0.1265
7.505,0.1048
7.5075,0.1217
7.51,0.1604
7.5125,0.1313
7.515,0.1072
7.5175,0.1265
7.52,0.1362
7.5225,0.1217
7.525,0.1676
7.5275,0.1845
7.53,0.1604
7.5325,0.1241
7.535,0.1604
7.5375,0.1555
7.54,0.1676
7.5425,0.1894
7.545,0.2208
7.5475,0.1725
7.55,0.1652
7.5525,0.1749
7.555,0.1894
7.5575,0.1821
7.56,0.2281
7.5625,0.245
7.565,0.1942
7.5675,0.1628
7.57,0.2208
7.5725,0.2111
7.575,0.2426
7.5775,0.2595
7.58,0.2377
7.5825,0.1918
7.585,0.2111
7.5875,0.245
7.59,0.2474
7.5925,0.2571
7.595,0.2813
7.5975,0.2498
7.6,0.2329
7.6025,0.2692
7.605,0.274
7.6075,0.2764
7.61,0.3224
7.6125,0.2861
7.615,0.2426
7.6175,0.2764
7.62,0.2861
7.6225,0.2667
7.625,0.3175
7.6275,0.3393
7.63,0.2813
7.6325,0.2522
7.635,0.3078
7.6375,0.3103
7.64,0.2909
7.6425,0.3296
7.645,0.349
7.6475,0.3103
7.65,0.2837
7.6525,0.3296
7.655,0.3151
7.6575,0.3127
7.66,0.3683
7.6625,0.3586
7.665,0.2958
7.6675,0.3199
7.67,0.3296
7.6725,0.3248
7.675,0.3417
7.6775,0.3707
7.68,0.3296
7.6825,0.3006
7.685,0.3224
7.6875,0.3369
7.69,0.3441
7.6925,0.3828
7.695,0.3635
7.6975,0.3199
7.7,0.3369
7.7025,0.3393
7.705,0.3441
7.7075,0.3224
7.71,0.378
7.7125,0.3393
7.715,0.3151
7.7175,0.332
7.72,0.3562
7.7225,0.3296
7.725,0.3683
7.7275,0.3901
7.73,0.349
7.7325,0.3344
7.735,0.3755
7.7375,0.3393
7.74,0.3224
7.7425,0.4021
7.745,0.3901
7.7475,0.3804
7.75,0.3054
7.7525,0.3586
7.755,0.3441
7.7575,0.3852
7.76,0.4046
7.7625,0.3562
7.765,0.3224
7.7675,0.378
7.77,0.3755
7.7725,0.3562
7.775,0.3973
7.7775,0.4167
7.78,0.3804
7.7825,0.3417
7.785,0.3876
7.7875,0.3538
7.79,0.3514
7.7925,0.4094
7.795,0.4167
7.7975,0.3683
7.8,0.3441
7.8025,0.3804
7.805,0.3635
7.8075,0.3465
7.81,0.3973
7.8125,0.3683
7.815,0.332
7.8175,0.3369
7.82,0.3514
7.8225,0.3393
7.825,0.3804
7.8275,0.3731
7.83,0.3224
7.8325,0.3078
7.835,0.3344
7.8375,0.3199
7.84,0.2933
7.8425,0.3441
7.845,0.3006
7.8475,0.2837
7.85,0.2667
7.8525,0.3054
7.855,0.2547
7.8575,0.2813
7.86,0.2909
7.8625,0.2619
7.865,0.2256
7.8675,0.2232
7.87,0.2595
7.8725,0.2111
7.875,0.2281
7.8775,0.2474
7.88,0.1845
7.8825,0.1676
7.885,0.17
7.8875,0.1821
7.89,0.1289
7.8925,0.17
7.895,0.1531
7.8975,0.1168
7.9,0.1048
7.9025,0.1362
7.905,0.1168
7.9075,0.112
7.91,0.1434
7.9125,0.112
7.915,0.0588
7.9175,0.0999
7.92,0.0854
7.9225,0.0516
7.925,0.0782
7.9275,0.0902
7.93,0.0395
7.9325,0.0225
7.935,0.083
7.9375,0.0395
7.94,0.0322
7.9425,0.0878
7.945,0.054
7.9475,0.0274
7.95,0.0298
7.9525,0.0733
7.955,0.0225
7.9575,0.0685
7.96,0.0951
7.9625,0.0491
7.965,0.0274
7.9675,0.0274
7.97,0.054
7.9725,0.0274
7.975,0.0612
7.9775,0.0927
7.98,0.0153
7.9825,0.0153
7.985,0.0612
7.9875,0.0491
7.99,0.0636
7.9925,0.0975
7.995,0.0733
7.9975,0.0346
8.0,0.0467
8.0025,0.0733
8.005,0.0709
8.0075,0.0806
8.01,0.1144
8.0125,0.0588
8.015,0.0346
8.0175,0.0806
8.02,0.0878
8.0225,0.0878
8.025,0.112
8.0275,0.1459
8.03,0.083
8.0325,0.0636
8.035,0.1168
8.0375,0.1168
8.04,0.1217
8.0425,0.1918
8.045,0.141
8.0475,0.1168
8.05,0.1217
8.0525,0.1434
8.055,0.1386
8.0575,0.1773
8.06,0.1942
8.0625,0.1362
8.065,0.1144
8.0675,0.1483
8.07,0.1676
8.0725,0.1604
8.075,0.2087
8.0775,0.1845
8.08,0.1628
8.0825,0.1749
8.085,0.1966
8.0875,0.1773
8.09,0.199
8.0925,0.2305
8.095,0.2039
8.0975,0.1749
8.1,0.1749
8.1025,0.2087
8.105,0.2015
8.1075,0.2498
8.11,0.2522
8.1125,0.2015
8.115,0.1942
8.1175,0.2063
8.12,0.2329
8.1225,0.2111
8.125,0.2474
8.1275,0.2837
8.13,0.199
8.1325,0.2063
8.135,0.2426
8.1375,0.245
8.14,0.2547
8.1425,0.2861
8.145,0.2547
8.1475,0.2136
8.15,0.2426
8.1525,0.2595
8.155,0.2377
8.1575,0.2764
8.16,0.3054
8.1625,0.2522
8.165,0.2426
8.1675,0.2571
8.17,0.2716
8.1725,0.2426
8.175,0.2982
8.1775,0.274
8.18,0.2377
8.1825,0.2402
8.185,0.2764
8.1875,0.274
8.19,0.2619
8.1925,0.3006
8.195,0.2764
8.1975,0.2474
8.2,0.2643
8.2025,0.3054
8.205,0.274
8.2075,0.2861
8.21,0.3296
8.2125,0.2837
8.215,0.2522
8.2175,0.2982
8.22,0.2426
8.2225,0.2716
8.225,0.3103
8.2275,0.3127
8.23,0.2764
8.2325,0.2498
8.235,0.3175
8.2375,0.3006
8.24,0.3151
8.2425,0.3514
8.245,0.3369
8.2475,0.274
8.25,0.3248
8.2525,0.3199
8.255,0.3054
8.2575,0.3514
8.26,0.3151
8.2625,0.3127
8.265,0.303
8.2675,0.3465
8.27,0.3248
8.2725,0.3224
8.275,0.3755
8.2775,0.3344
8.28,0.3078
8.2825,0.3127
8.285,0.3369
8.2875,0.3441
8.29,0.3514
8.2925,0.3876
8.295,0.3562
8.2975,0.3127
8.3,0.3586
8.3025,0.3635
8.305,0.3369
8.3075,0.3828
8.31,0.3755
8.3125,0.3248
8.315,0.3248
8.3175,0.361
8.32,0.3901
8.3225,0.378
8.325,0.3925
8.3275,0.3901
8.33,0.3369
8.3325,0.3755
8.335,0.3901
8.3375,0.3731
8.34,0.4142
8.3425,0.4287
8.345,0.407
8.3475,0.3707
8.35,0.3925
8.3525,0.4094
8.355,0.3997
8.3575,0.4287
8.36,0.4505
8.3625,0.3901
8.365,0.3852
8.3675,0.4118
8.37,0.4312
8.3725,0.4481
8.375,0.4844
8.3775,0.4263
8.38,0.407
8.3825,0.4287
8.385,0.4505
8.3875,0.4432
8.39,0.4553
8.3925,0.4795
8.395,0.4408
8.3975,0.4263
8.4,0.4505
8.4025,0.465
8.405,0.4723
8.4075,0.5134
8.41,0.5013
8.4125,0.465
8.415,0.4505
8.4175,0.5061
8.42,0.4868
8.4225,0.4626
8.425,0.5351
8.4275,0.4771
8.43,0.4723
8.4325,0.4819
8.435,0.4892
8.4375,0.5158
8.44,0.5109
8.4425,0.5472
8.445,0.5061
8.4475,0.4747
8.45,0.5013
8.4525,0.5037
8.455,0.4868
8.4575,0.523
8.46,0.5134
8.4625,0.4674
8.465,0.494
8.4675,0.5206
8.47,0.4989
8.4725,0.523
8.475,0.5496
8.4775,0.5375
8.48,0.4771
8.4825,0.5037
8.485,0.5134
8.4875,0.494
8.49,0.523
8.4925,0.5545
8.495,0.4989
8.4975,0.4964
8.5,0.523
8.5025,0.5279
8.505,0.5061
8.5075,0.5448
8.51,0.5762
8.5125,0.523
8.515,0.5013
8.5175,0.5255
8.52,0.5182
8.5225,0.523
8.525,0.5569
8.5275,0.5617
8.53,0.4989
8.5325,0.5085
8.535,0.5206
8.5375,0.5303
8.54,0.5545
8.5425,0.5617
8.545,0.552
8.5475,0.4916
8.55,0.5375
8.5525,0.5424
8.555,0.5375
8.5575,0.5617
8.56,0.5641
8.5625,0.523
8.565,0.4989
8.5675,0.5569
8.57,0.5303
8.5725,0.5496
8.575,0.5956
8.5775,0.523
8.58,0.5327
8.5825,0.5351
8.585,0.5496
8.5875,0.5279
8.59,0.5738
8.5925,0.5835
8.595,0.5182
8.5975,0.5134
8.6,0.5375
8.6025,0.5424
8.605,0.5134
8.6075,0.5448
8.61,0.5472
8.6125,0.5013
8.615,0.4819
8.6175,0.5134
8.62,0.4747
8.6225,0.4844
8.625,0.5327
8.6275,0.4819
8.63,0.4312
8.6325,0.4844
8.635,0.4723
8.6375,0.436
8.64,0.4553
8.6425,0.4578
8.645,0.4336
8.6475,0.3876
8.65,0.4312
8.6525,0.3828
8.655,0.3755
8.6575,0.4215
8.66,0.3828
8.6625,0.349
8.665,0.3248
8.6675,0.3731
8.67,0.3224
8.6725,0.3272
8.675,0.378
8.6775,0.332
8.68,0.2861
8.6825,0.3175
8.685,0.3103
8.6875,0.2861
8.69,0.3103
8.6925,0.2958
8.695,0.2571
8.6975,0.2595
8.7,0.2788
8.7025,0.2474
8.705,0.2474
8.7075,0.2764
8.71,0.2619
8.7125,0.2667
8.715,0.2426
8.7175,0.2474
8.72,0.2256
8.7225,0.2667
8.725,0.2643
8.7275,0.216
8.73,0.1918
8.7325,0.2232
8.735,0.2402
8.7375,0.2184
8.74,0.2474
8.7425,0.2692
8.745,0.2039
8.7475,0.216
8.75,0.2232
8.7525,0.2232
8.755,0.2208
8.7575,0.2522
8.76,0.2522
8.7625,0.216
8.765,0.2087
8.7675,0.245
8.77,0.2208
8.7725,0.2547
8.775,0.2788
8.7775,0.2571
8.78,0.2063
8.7825,0.2571
8.785,0.2716
8.7875,0.2547
8.79,0.2933
8.7925,0.2764
8.795,0.2498
8.7975,0.2377
8.8,0.2692
8.8025,0.2764
8.805,0.2958
8.8075,0.3151
8.81,0.2982
8.8125,0.2667
8.815,0.274
8.8175,0.3054
8.82,0.2909
8.8225,0.3175
8.825,0.349
8.8275,0.3103
8.83,0.2813
8.8325,0.2909
8.835,0.3199
8.8375,0.3006
8.84,0.3369
8.8425,0.3635
8.845,0.3224
8.8475,0.2982
8.85,0.3296
8.8525,0.3248
8.855,0.332
8.8575,0.3707
8.86,0.3514
8.8625,0.303
8.865,0.2958
8.8675,0.3393
8.87,0.3054
8.8725,0.3248
8.875,0.378
8.8775,0.3393
8.88,0.2837
8.8825,0.3272
8.885,0.361
8.8875,0.3224
8.89,0.378
8.8925,0.3538
8.895,0.3078
8.8975,0.3199
8.9,0.3296
8.9025,0.332
8.905,0.349
8.9075,0.378
8.91,0.332
8.9125,0.3078
8.915,0.3393
8.9175,0.349
8.92,0.332
8.9225,0.361
8.925,0.3828
8.9275,0.3538
8.93,0.3103
8.9325,0.3465
8.935,0.3586
8.9375,0.3393
8.94,0.3997
8.9425,0.3997
8.945,0.3272
8.9475,0.3417
8.95,0.3683
8.9525,0.3562
8.955,0.3755
8.9575,0.4046
8.96,0.3755
8.9625,0.3296
8.965,0.3465
8.9675,0.3852
8.97,0.3707
8.9725,0.4215
8.975,0.4191
8.9775,0.3707
8.98,0.361
8.9825,0.3925
8.985,0.3997
8.9875,0.3876
8.99,0.4312
8.9925,0.4263
8.995,0.3707
8.9975,0.3683
9.0,0.3755
9.0025,0.3973
9.005,0.4287
9.0075,0.4432
9.01,0.4191
9.0125,0.3755
9.015,0.4239
9.0175,0.4529
9.02,0.4191
9.0225,0.4626
9.025,0.4795
9.0275,0.4336
9.03,0.3973
9.0325,0.4215
9.035,0.436
9.0375,0.4553
9.04,0.4795
9.0425,0.4505
9.045,0.4118
9.0475,0.4408
9.05,0.4626
9.0525,0.465
9.055,0.4844
9.0575,0.5085
9.06,0.4844
9.0625,0.4432
9.065,0.4698
9.0675,0.4844
9.07,0.4844
9.0725,0.5279
9.075,0.5279
9.0775,0.4989
9.08,0.4553
9.0825,0.4916
9.085,0.5134
9.0875,0.4964
9.09,0.5593
9.0925,0.5375
9.095,0.4989
9.0975,0.4795
9.1,0.5375
9.1025,0.5303
9.105,0.5666
9.1075,0.5907
9.11,0.54
9.1125,0.5037
9.115,0.5303
9.1175,0.5811
9.12,0.5255
9.1225,0.5786
9.125,0.5714
9.1275,0.5424
9.13,0.5085
9.1325,0.552
9.135,0.5593
9.1375,0.5811
9.14,0.6077
9.1425,0.5883
9.145,0.5472
9.1475,0.5255
9.15,0.5738
9.1525,0.5835
9.155,0.6004
9.1575,0.6343
9.16,0.5835
9.1625,0.5569
9.165,0.5617
9.1675,0.5932
9.17,0.6052
9.1725,0.6197
9.175,0.6246
9.1775,0.5762
9.18,0.5569
9.1825,0.6125
9.185,0.627
9.1875,0.6125
9.19,0.6609
9.1925,0.6488
9.195,0.5932
9.1975,0.5956
9.2,0.6343
9.2025,0.6318
9.205,0.6463
9.2075,0.6971
9.21,0.6173
9.2125,0.598
9.215,0.6391
9.2175,0.6512
9.22,0.6512
9.2225,0.6826
9.225,0.6681
9.2275,0.6439
9.23,0.6415
9.2325,0.656
9.235,0.656
9.2375,0.6874
9.24,0.7092
9.2425,0.7044
9.245,0.6584
9.2475,0.6246
9.25,0.6778
9.2525,0.6729
9.255,0.6995
9.2575,0.7261
9.26,0.6754
9.2625,0.6584
9.265,0.6754
9.2675,0.6995
9.27,0.6995
9.2725,0.7431
9.275,0.7213
9.2775,0.6778
9.28,0.6633
9.2825,0.7044
9.285,0.7165
9.2875,0.7116
9.29,0.7576
9.2925,0.6971
9.295,0.6754
9.2975,0.6899
9.3,0.7237
9.3025,0.702
9.305,0.7286
9.3075,0.76
9.31,0.7068
9.3125,0.6754
9.315,0.7116
9.3175,0.7431
9.32,0.7189
9.3225,0.7672
9.325,0.7455
9.3275,0.7261
9.33,0.702
9.3325,0.7406
9.335,0.7165
9.3375,0.7286
9.34,0.7697
9.3425,0.714
9.345,0.6947
9.3475,0.7044
9.35,0.7261
9.3525,0.7213
9.355,0.7479
9.3575,0.731
9.36,0.7044
9.3625,0.685
9.365,0.7092
9.3675,0.6874
9.37,0.6802
9.3725,0.7092
9.375,0.6971
9.3775,0.6657
9.38,0.6343
9.3825,0.6633
9.385,0.627
9.3875,0.6826
9.39,0.6657
9.3925,0.6246
9.395,0.6077
9.3975,0.5811
9.4,0.6052
9.4025,0.5762
9.405,0.5835
9.4075,0.6173
9.41,0.54
9.4125,0.5134
9.415,0.5424
9.4175,0.5666
9.42,0.5424
9.4225,0.5496
9.425,0.4989
9.4275,0.4771
9.43,0.4771
9.4325,0.4892
9.435,0.4674
9.4375,0.4771
9.44,0.5037
9.4425,0.4529
9.445,0.4142
9.4475,0.436
9.45,0.4481
9.4525,0.4215
9.455,0.4481
9.4575,0.4336
9.46,0.3949
9.4625,0.3731
9.465,0.4094
9.4675,0.4142
9.47,0.3876
9.4725,0.4191
9.475,0.4191
9.4775,0.3828
9.48,0.3731
9.4825,0.4021
9.485,0.3973
9.4875,0.378
9.49,0.4239
9.4925,0.3973
9.495,0.3441
9.4975,0.3876
9.5,0.3973
9.5025,0.3683
9.505,0.3973
9.5075,0.4118
9.51,0.3659
9.5125,0.3441
9.515,0.3925
9.5175,0.3949
9.52,0.3876
9.5225,0.4263
9.525,0.4336
9.5275,0.3586
9.53,0.3876
9.5325,0.4046
9.535,0.3876
9.5375,0.4263
9.54,0.4336
9.5425,0.3997
9.545,0.3635
9.5475,0.4167
9.55,0.4191
9.5525,0.3973
9.555,0.4505
9.5575,0.4312
9.56,0.4021
9.5625,0.3876
9.565,0.4118
9.5675,0.4481
9.57,0.4312
9.5725,0.4723
9.575,0.4553
9.5775,0.4239
9.58,0.436
9.5825,0.4432
9.585,0.4336
9.5875,0.4723
9.59,0.4868
9.5925,0.436
9.595,0.4142
9.5975,0.4408
9.6,0.4747
9.6025,0.4674
9.605,0.5134
9.6075,0.5037
9.61,0.4481
9.6125,0.4602
9.615,0.4747
9.6175,0.4819
9.62,0.5061
9.6225,0.54
9.625,0.5134
9.6275,0.4771
9.63,0.4795
9.6325,0.4964
9.635,0.494
9.6375,0.4844
9.64,0.5617
9.6425,0.4916
9.645,0.4602
9.6475,0.4892
9.65,0.5303
9.6525,0.5327
9.655,0.5666
9.6575,0.5206
9.66,0.5037
9.6625,0.5061
9.665,0.5279
9.6675,0.5424
9.67,0.5206
9.6725,0.5641
9.675,0.5327
9.6775,0.4868
9.68,0.5134
9.6825,0.5448
9.685,0.5303
9.6875,0.5811
9.69,0.5883
9.6925,0.5496
9.695,0.5013
9.6975,0.5351
9.7,0.5666
9.7025,0.5472
9.705,0.598
9.7075,0.5593
9.71,0.552
9.7125,0.54
9.715,0.5472
9.7175,0.5666
9.72,0.5762
9.7225,0.6028
9.725,0.5883
9.7275,0.552
9.73,0.5617
9.7325,0.5907
9.735,0.5666
9.7375,0.5883
9.74,0.6028
9.7425,0.552
9.745,0.5545
9.7475,0.5738
9.75,0.5907
9.7525,0.6004
9.755,0.627
9.7575,0.6052
9.76,0.5641
9.7625,0.569
9.765,0.6125
9.7675,0.6004
9.77,0.6052
9.7725,0.6343
9.775,0.5907
9.7775,0.5666
9.78,0.6004
9.7825,0.627
9.785,0.6077
9.7875,0.627
9.79,0.6609
9.7925,0.6318
9.795,0.5786
9.7975,0.6077
9.8,0.6343
9.8025,0.6222
9.805,0.6536
9.8075,0.6899
9.81,0.6173
9.8125,0.5956
9.815,0.6512
9.8175,0.6439
9.82,0.6584
9.8225,0.7189
9.825,0.6778
9.8275,0.6149
9.83,0.6463
9.8325,0.6609
9.835,0.656
9.8375,0.6826
9.84,0.714
9.8425,0.6633
9.845,0.6367
9.8475,0.6754
9.85,0.6778
9.8525,0.6826
9.855,0.7237
9.8575,0.6874
9.86,0.6826
9.8625,0.6657
9.865,0.702
9.8675,0.6923
9.87,0.7213
9.8725,0.7431
9.875,0.6874
9.8775,0.6609
9.88,0.6874
9.8825,0.7165
9.885,0.7092
9.8875,0.7261
9.89,0.7576
9.8925,0.6971
9.895,0.6584
9.8975,0.7116
9.9,0.7116
9.9025,0.714
9.905,0.7527
9.9075,0.7479
9.91,0.6802
9.9125,0.7189
9.915,0.7334
9.9175,0.7503
9.92,0.7576
9.9225,0.7551
9.925,0.7479
9.9275,0.6923
9.93,0.7261
9.9325,0.7382
9.935,0.731
9.9375,0.8035
9.94,0.7576
9.9425,0.7092
9.945,0.702
9.9475,0.731
9.95,0.7455
9.9525,0.7455
9.955,0.789
9.9575,0.7672
9.96,0.714
9.9625,0.7358
9.965,0.7624
9.9675,0.76
9.97,0.7745
9.9725,0.789
9.975,0.7358
9.9775,0.7286
9.98,0.7503
9.9825,0.7672
9.985,0.7527
9.9875,0.7842
9.99,0.8132
9.9925,0.7697
9.995,0.7431
9.9975,0.7745
10.0,0.7672
10.0025,0.7866
10.005,0.818
10.0075,0.7672
10.01,0.7382
10.0125,0.7455
10.015,0.7817
10.0175,0.7793
10.02,0.7866
10.0225,0.8108
10.025,0.7624
10.0275,0.7503
10.03,0.76
10.0325,0.789
10.035,0.7842
10.0375,0.7962
10.04,0.8059
10.0425,0.7793
10.045,0.7382
10.0475,0.7745
10.05,0.7769
10.0525,0.7962
10.055,0.8253
10.0575,0.8132
10.06,0.7406
10.0625,0.7793
10.065,0.7962
10.0675,0.7793
10.07,0.8132
10.0725,0.8059
10.075,0.7745
10.0775,0.7286
10.08,0.7769
10.0825,0.7866
10.085,0.789
10.0875,0.8035
10.09,0.8059
10.0925,0.7648
10.095,0.7382
10.0975,0.7576
10.1,0.7286
10.1025,0.7334
10.105,0.7697
10.1075,0.7431
10.11,0.7068
10.1125,0.6826
10.115,0.7116
10.1175,0.6802
10.12,0.7189
10.1225,0.7165
10.125,0.6778
10.1275,0.6149
10.13,0.6439
10.1325,0.6367
10.135,0.6028
10.1375,0.6512
10.14,0.6343
10.1425,0.5762
10.145,0.5569
10.1475,0.5859
10.15,0.5424
10.1525,0.5206
10.155,0.5859
10.1575,0.5448
10.16,0.4916
10.1625,0.5134
10.165,0.5255
10.1675,0.4626
10.17,0.5424
10.1725,0.523
10.175,0.4723
10.1775,0.436
10.18,0.4529
10.1825,0.4578
10.185,0.4312
10.1875,0.465
10.19,0.4312
10.1925,0.4094
10.195,0.407
10.1975,0.4094
10.2,0.378
10.2025,0.3731
10.205,0.3997
10.2075,0.3973
10.21,0.349
10.2125,0.3659
10.215,0.3707
10.2175,0.3369
10.22,0.3731
10.2225,0.378
10.225,0.3272
10.2275,0.2982
10.23,0.3465
10.2325,0.3054
10.235,0.3054
10.2375,0.3393
10.24,0.3344
10.2425,0.2861
10.245,0.2692
10.2475,0.3248
10.25,0.2909
10.2525,0.3296
10.255,0.3514
10.2575,0.3078
10.26,0.2571
10.2625,0.303
10.265,0.3248
10.2675,0.303
10.27,0.332
10.2725,0.3538
10.275,0.2909
10.2775,0.2619
10.28,0.3103
10.2825,0.3199
10.285,0.3078
10.2875,0.3078
10.29,0.3296
10.2925,0.2837
10.295,0.3175
10.2975,0.332
10.3,0.3151
10.3025,0.349
10.305,0.3731
10.3075,0.3417
10.31,0.3054
10.3125,0.3103
10.315,0.3393
10.3175,0.3465
10.32,0.3635
10.3225,0.3562
10.325,0.3175
10.3275,0.3296
10.33,0.3538
10.3325,0.361
10.335,0.3586
10.3375,0.3901
10.34,0.4118
10.3425,0.349
10.345,0.3538
10.3475,0.3852
10.35,0.3901
10.3525,0.4046
10.355,0.4094
10.3575,0.4046
10.36,0.3344
10.3625,0.3707
10.365,0.3949
10.3675,0.3852
10.37,0.4263
10.3725,0.4336
10.375,0.3901
10.3775,0.3514
10.38,0.4118
10.3825,0.3925
10.385,0.4312
10.3875,0.4578
10.39,0.3852
10.3925,0.3731
10.395,0.3973
10.3975,0.4312
10.4,0.4142
10.4025,0.4457
10.405,0.4529
10.4075,0.4263
10.41,0.4142
10.4125,0.4191
10.415,0.4408
10.4175,0.4505
10.42,0.4553
10.4225,0.4795
10.425,0.4384
10.4275,0.4021
10.43,0.436
10.4325,0.4602
10.435,0.465
10.4375,0.4844
10.44,0.4626
10.4425,0.4408
10.445,0.4191
10.4475,0.4602
10.45,0.4578
10.4525,0.4795
10.455,0.5327
10.4575,0.4457
10.46,0.436
10.4625,0.4602
10.465,0.4819
10.4675,0.4723
10.47,0.5085
10.4725,0.5255
10.475,0.4771
10.4775,0.4408
10.48,0.4892
10.4825,0.5134
10.485,0.4795
10.4875,0.5375
10.49,0.4892
10.4925,0.4578
10.495,0.4868
10.4975,0.5061
10.5,0.5037
10.5025,0.5255
10.505,0.5303
10.5075,0.5037
10.51,0.4819
10.5125,0.4964
10.515,0.5158
10.5175,0.5279
10.52,0.552
10.5225,0.5472
10.525,0.5182
10.5275,0.4723
10.53,0.5327
10.5325,0.5279
10.535,0.54
10.5375,0.5714
10.54,0.5351
10.5425,0.5182
10.545,0.5279
10.5475,0.5569
10.55,0.5424
10.5525,0.5859
10.555,0.598
10.5575,0.552
10.56,0.5037
10.5625,0.5569
10.565,0.5641
10.5675,0.5545
10.57,0.5956
10.5725,0.5641
10.575,0.5327
10.5775,0.54
10.58,0.5762
10.5825,0.552
10.585,0.569
10.5875,0.6004
10.59,0.5666
10.5925,0.5424
10.595,0.5617
10.5975,0.5907
10.6,0.5641
10.6025,0.6077
10.605,0.6318
10.6075,0.5932
10.61,0.552
10.6125,0.6004
10.615,0.5883
10.6175,0.6149
10.62,0.6343
10.6225,0.6052
10.625,0.5762
10.6275,0.5666
10.63,0.6004
10.6325,0.6197
10.635,0.6391
10.6375,0.6415
10.64,0.6173
10.6425,0.5907
10.645,0.6125
10.6475,0.6222
10.65,0.6149
10.6525,0.6343
10.655,0.6536
10.6575,0.6246
10.66,0.5883
10.6625,0.6149
10.665,0.6246
10.6675,0.6512
10.67,0.656
10.6725,0.6367
10.675,0.6318
10.6775,0.5859
10.68,0.6439
10.6825,0.6391
10.685,0.6439
10.6875,0.7116
10.69,0.627
10.6925,0.6077
10.695,0.6246
10.6975,0.656
10.7,0.6439
10.7025,0.6899
10.705,0.656
10.7075,0.6343
10.71,0.6222
10.7125,0.6609
10.715,0.6536
10.7175,0.6609
10.72,0.6923
10.7225,0.6633
10.725,0.6101
10.7275,0.6343
10.73,0.6633
10.7325,0.6584
10.735,0.6802
10.7375,0.685
10.74,0.6463
10.7425,0.627
10.745,0.6488
10.7475,0.6681
10.75,0.6778
10.7525,0.6802
10.755,0.6923
10.7575,0.6536
10.76,0.6294
10.7625,0.656
10.765,0.6754
10.7675,0.6584
10.77,0.6995
10.7725,0.6995
10.775,0.6391
10.7775,0.6657
10.78,0.6778
10.7825,0.6633
10.785,0.6729
10.7875,0.7213
10.79,0.6657
10.7925,0.6463
10.795,0.6729
10.7975,0.685
10.8,0.6657
10.8025,0.7068
10.805,0.7213
10.8075,0.6512
10.81,0.6633
10.8125,0.6778
10.815,0.6609
10.8175,0.685
10.82,0.6947
10.8225,0.6705
10.825,0.6246
10.8275,0.6463
10.83,0.6584
10.8325,0.6343
10.835,0.6705
10.8375,0.6536
10.84,0.6294
10.8425,0.5859
10.845,0.6052
10.8475,0.6246
10.85,0.5786
10.8525,0.6173
10.855,0.6125
10.8575,0.569
10.86,0.5593
10.8625,0.5666
10.865,0.5375
10.8675,0.5303
10.87,0.5666
10.8725,0.5037
10.875,0.4191
10.8775,0.4723
10.88,0.494
10.8825,0.4481
10.885,0.4602
10.8875,0.4916
10.89,0.436
10.8925,0.4118
10.895,0.4384
10.8975,0.4191
10.9,0.4094
10.9025,0.4408
10.905,0.436
10.9075,0.3949
10.91,0.361
10.9125,0.3876
10.915,0.361
10.9175,0.3417
10.92,0.3901
10.9225,0.349
10.925,0.3175
10.9275,0.3127
10.93,0.3441
10.9325,0.3054
10.935,0.3514
10.9375,0.3296
10.94,0.3054
10.9425,0.2813
10.945,0.3103
10.9475,0.3054
10.95,0.274
10.9525,0.3006
10.955,0.2909
10.9575,0.2498
10.96,0.2595
10.9625,0.2861
10.965,0.2522
10.9675,0.2885
10.97,0.3175
10.9725,0.2861
10.975,0.2305
10.9775,0.2522
10.98,0.2813
10.9825,0.2788
10.985,0.2982
10.9875,0.2813
10.99,0.2885
10.9925,0.2498
10.995,0.2764
10.9975,0.2764
11.0,0.2571
11.0025,0.2982
11.005,0.3103
11.0075,0.2667
11.01,0.2764
11.0125,0.2837
11.015,0.2764
11.0175,0.2764
11.02,0.3248
11.0225,0.2595
11.025,0.2087
11.0275,0.274
11.03,0.2885
11.0325,0.2861
11.035,0.3151
11.0375,0.3248
11.04,0.2788
11.0425,0.2667
11.045,0.3127
11.0475,0.3078
11.05,0.3054
11.0525,0.3344
11.055,0.3199
11.0575,0.2716
11.06,0.3054
11.0625,0.3296
11.065,0.3272
11.0675,0.332
11.07,0.3731
11.0725,0.3538
11.075,0.2982
11.0775,0.3151
11.08,0.3586
11.0825,0.3465
11.085,0.3635
11.0875,0.3997
11.09,0.349
11.0925,0.3103
11.095,0.3707
11.0975,0.3707
11.1,0.361
11.1025,0.4167
11.105,0.4239
11.1075,0.3538
11.11,0.3635
11.1125,0.3828
11.115,0.3852
11.1175,0.4118
11.12,0.4287
11.1225,0.4021
11.125,0.3755
11.1275,0.4046
11.13,0.4142
11.1325,0.3997
11.135,0.4529
11.1375,0.4312
11.14,0.4263
11.1425,0.3828
11.145,0.436
11.1475,0.436
11.15,0.4481
11.1525,0.4602
11.155,0.4336
11.1575,0.3852
11.16,0.4167
11.1625,0.4529
11.165,0.4287
11.1675,0.4553
11.17,0.4989
11.1725,0.4457
11.175,0.4142
11.1775,0.4408
11.18,0.4553
11.1825,0.4602
11.185,0.494
11.1875,0.4868
11.19,0.4384
11.1925,0.4553
11.195,0.4698
11.1975,0.4819
11.2,0.4844
11.2025,0.523
11.205,0.4964
11.2075,0.4481
11.21,0.4674
11.2125,0.4892
11.215,0.4698
11.2175,0.5061
11.22,0.5134
11.2225,0.4723
11.225,0.4529
11.2275,0.4674
11.23,0.4892
11.2325,0.4795
11.235,0.5279
11.2375,0.5303
11.24,0.4747
11.2425,0.4795
11.245,0.5061
11.2475,0.5158
11.25,0.523
11.2525,0.5641
11.255,0.5061
11.2575,0.4723
11.26,0.5061
11.2625,0.5327
11.265,0.523
11.2675,0.5424
11.27,0.5714
11.2725,0.5496
11.275,0.5085
11.2775,0.5496
11.28,0.5496
11.2825,0.5593
11.285,0.5859
11.2875,0.5569
11.29,0.5303
11.2925,0.5158
11.295,0.569
11.2975,0.5738
11.3,0.5666
11.3025,0.598
11.305,0.5496
11.3075,0.5279
11.31,0.5375
11.3125,0.5907
11.315,0.5811
11.3175,0.5883
11.32,0.6367
11.3225,0.5907
11.325,0.5496
11.3275,0.5762
11.33,0.5907
11.3325,0.5932
11.335,0.6246
11.3375,0.6415
11.34,0.5714
11.3425,0.5883
11.345,0.6149
11.3475,0.6004
11.35,0.627
11.3525,0.6584
11.355,0.6222
11.3575,0.5762
11.36,0.6004
11.3625,0.6318
11.365,0.6246
11.3675,0.6463
11.37,0.6705
11.3725,0.6343
11.375,0.598
11.3775,0.6415
11.38,0.6294
11.3825,0.6294
11.385,0.6705
11.3875,0.6778
11.39,0.6343
11.3925,0.5907
11.395,0.6512
11.3975,0.6488
11.4,0.6681
11.4025,0.6826
11.405,0.6729
11.4075,0.6294
11.41,0.6343
11.4125,0.6609
11.415,0.6754
11.4175,0.6947
11.42,0.7116
11.4225,0.6584
11.425,0.6294
11.4275,0.6633
11.43,0.6729
11.4325,0.6633
11.435,0.7068
11.4375,0.7044
11.44,0.6439
11.4425,0.6512
11.445,0.6681
11.4475,0.6705
11.45,0.714
11.4525,0.7286
11.455,0.6754
11.4575,0.6439
11.46,0.6584
11.4625,0.7044
11.465,0.702
11.4675,0.7261
11.47,0.714
11.4725,0.6899
11.475,0.6778
11.4775,0.7165
11.48,0.7189
11.4825,0.7165
11.485,0.7334
11.4875,0.7431
11.49,0.6874
11.4925,0.6923
11.495,0.7213
11.4975,0.7261
11.5,0.7624
11.5025,0.7648
11.505,0.7237
11.5075,0.6802
11.51,0.7213
11.5125,0.7334
11.515,0.714
11.5175,0.7527
11.52,0.7745
11.5225,0.714
11.525,0.6947
11.5275,0.7116
11.53,0.7358
11.5325,0.76
11.535,0.7769
11.5375,0.7455
11.54,0.6947
11.5425,0.7213
11.545,0.7406
11.5475,0.7479
11.55,0.76
11.5525,0.7793
11.555,0.731
11.5575,0.6995
11.56,0.7261
11.5625,0.7334
11.565,0.7213
11.5675,0.7431
11.57,0.7455
11.5725,0.6899
11.575,0.6995
11.5775,0.714
11.58,0.7068
11.5825,0.7044
11.585,0.7261
11.5875,0.7116
11.59,0.6681
11.5925,0.6318
11.595,0.6681
11.5975,0.6294
11.6,0.6512
11.6025,0.6439
11.605,0.6101
11.6075,0.5883
11.61,0.6149
11.6125,0.6077
11.615,0.5714
11.6175,0.598
11.62,0.6197
11.6225,0.569
11.625,0.5448
11.6275,0.5617
11.63,0.5786
11.6325,0.552
11.635,0.5496
11.6375,0.5424
11.64,0.4819
11.6425,0.4868
11.645,0.4553
11.6475,0.4916
11.65,0.5037
11.6525,0.5279
11.655,0.4819
11.6575,0.4384
11.66,0.4698
11.6625,0.4432
11.665,0.4505
11.6675,0.4747
11.67,0.4481
11.6725,0.4021
11.675,0.3949
11.6775,0.4408
11.68,0.4408
11.6825,0.4312
11.685,0.4481
11.6875,0.4239
11.69,0.3441
11.6925,0.349
11.695,0.4118
11.6975,0.3973
11.7,0.4336
11.7025,0.4578
11.705,0.4046
11.7075,0.3635
11.71,0.3852
11.7125,0.4118
11.715,0.3925
11.7175,0.4263
11.72,0.4191
11.7225,0.3949
11.725,0.3514
11.7275,0.3925
11.73,0.407
11.7325,0.3973
11.735,0.4505
11.7375,0.3901
11.74,0.3755
11.7425,0.3852
11.745,0.4021
11.7475,0.4167
11.75,0.4287
11.7525,0.4505
11.755,0.3925
11.7575,0.3659
11.76,0.4118
11.7625,0.4287
11.765,0.4046
11.7675,0.4529
11.77,0.4457
11.7725,0.4021
11.775,0.4094
11.7775,0.4384
11.78,0.4481
11.7825,0.4481
11.785,0.494
11.7875,0.4529
11.79,0.407
11.7925,0.4336
11.795,0.465
11.7975,0.4336
11.8,0.4868
11.8025,0.5158
11.805,0.4795
11.8075,0.4336
11.81,0.4698
11.8125,0.4916
11.815,0.4795
11.8175,0.5182
11.82,0.4844
11.8225,0.4868
11.825,0.4747
11.8275,0.5085
11.83,0.4916
11.8325,0.54
11.835,0.5545
11.8375,0.5134
11.84,0.4698
11.8425,0.5061
11.845,0.5158
11.8475,0.5109
11.85,0.5593
11.8525,0.54
11.855,0.5085
11.8575,0.4892
11.86,0.5424
11.8625,0.54
11.865,0.5303
11.8675,0.5013
11.87,0.552
11.8725,0.523
11.875,0.4674
11.8775,0.5569
11.88,0.5738
11.8825,0.5859
11.885,0.6101
11.8875,0.5859
11.89,0.5279
11.8925,0.569
11.895,0.5762
11.8975,0.5859
11.9,0.6052
11.9025,0.5956
11.905,0.5666
11.9075,0.54
11.91,0.5666
11.9125,0.5956
11.915,0.6028
11.9175,0.6415
11.92,0.6004
11.9225,0.5448
11.925,0.5786
11.9275,0.6101
11.93,0.5907
11.9325,0.6125
11.935,0.6488
11.9375,0.6052
11.94,0.569
11.9425,0.5714
11.945,0.6125
11.9475,0.6222
11.95,0.627
11.9525,0.6173
11.955,0.6149
11.9575,0.5738
11.96,0.6125
11.9625,0.627
11.965,0.6125
11.9675,0.6415
11.97,0.6197
11.9725,0.598
11.975,0.6004
11.9775,0.6294
11.98,0.6222
11.9825,0.6681
11.985,0.6536
11.9875,0.6343
11.99,0.5859
11.9925,0.6439
11.995,0.656
11.9975,0.6463
